altitude,velocity,angle,range,time
0,100,10,310.14339144692383,3.433565135807709
0,100,15,431.74464826676945,5.048280295084092
0,100,20,531.8324632223795,6.588984508459466
0,100,25,610.9845343013577,8.052150699473684
0,100,30,669.719045511811,9.434553695970349
0,100,35,708.4970047008197,10.732979070806703
0,100,40,727.7410779951699,11.944001362746953
0,100,45,727.864923089184,13.063826714994256
0,100,50,709.3107816175749,14.088195748064711
0,100,55,672.5955196638802,15.012344006754265
0,100,60,618.3669920398183,15.8310202642369
0,100,65,547.4738741656845,16.53856739010741
0,100,70,461.0530954019926,17.129075876231724
0,100,75,360.63978546570985,17.59662542464974
0,100,80,248.30566464437763,17.935632971407852
0,125,10,457.37513944783143,4.223838924015744
0,125,15,623.9922742630989,6.170629516162576
0,125,20,756.420142051278,8.010259507608902
0,125,25,857.9856510203128,9.744518935014009
0,125,30,931.0158322868195,11.374419885402457
0,125,35,977.1606560987077,12.899970865282196
0,125,40,997.614399665278,14.320036203393498
0,125,45,993.2766330109315,15.632264344573644
0,125,50,964.8787328422533,16.83307539754036
0,125,55,913.0939534141111,17.917703206360542
0,125,60,838.6453080005062,18.880294094903615
0,125,65,742.4243105590401,19.714073891198314
0,125,70,625.6342183107366,20.411606108092283
0,125,75,489.97341156060554,20.96517545362591
0,125,80,337.87826454013685,21.367337228322196
0,150,10,617.4499361328143,4.975646140093746
0,150,15,825.6817470438768,7.219436866080898
0,150,20,985.858533976725,9.319694209199646
0,150,25,1105.3141496454289,11.286408063527317
0,150,30,1188.7016623847962,13.126523043605228
0,150,35,1239.049613674946,14.844225266512149
0,150,40,1258.3682456142549,16.441168080292123
0,150,45,1248.0241403123898,17.916670415272797
0,150,50,1208.9919413578575,19.267908161208442
0,150,55,1142.0430159239097,20.490113050694944
0,150,60,1047.908595041651,21.576797052488214
0,150,65,927.4455710542978,22.52003065819214
0,150,70,781.8311508713297,23.310818368935706
0,150,75,612.8156903872285,23.939631441365794
0,150,80,423.0710508186324,24.39716794381252
0,175,10,784.2604294935672,5.686804890273594
0,175,15,1029.0208666186916,8.194043014901505
0,175,20,1211.8763631226848,10.5203871478317
0,175,25,1344.9226651885683,12.686261743349315
0,175,30,1435.298004419309,14.705552285248036
0,175,35,1487.382042511568,16.587003861329432
0,175,40,1503.9249176892974,18.33512749854386
0,175,45,1486.681704580426,19.950840459570763
0,175,50,1436.8027426169199,21.431956586000457
0,175,55,1355.1021689809497,22.773593429739837
0,175,60,1242.2728018567889,23.96854819279228
0,175,65,1099.0931289292234,25.007697854507544
0,175,70,926.6659113593763,25.880493204078384
0,175,75,726.7320333723652,26.575636516918898
0,175,80,502.11665750753946,27.082045917101762
0,200,10,953.1657628185549,6.356751488299528
0,200,15,1228.9528983156802,9.096769569298411
0,200,20,1429.8303637450115,11.619321160618247
0,200,25,1572.8998234856763,13.95668564655657
0,200,30,1667.6833651635584,16.13007525966131
0,200,35,1719.7642640278486,18.15275683458296
0,200,40,1732.5071603407437,20.031907067275263
0,200,45,1707.962398128471,21.769819215419915
0,200,50,1647.3908298090214,23.364750060372142
0,200,55,1551.6055190894824,24.811560272082307
0,200,60,1421.2317223563755,26.102250542371575
0,200,65,1256.948478074061,27.22648368070768
0,200,70,1059.763868539333,28.17219187682847
0,200,75,831.3810871559006,28.926389527857093
0,200,80,574.7318604741876,29.47632774090255
0,225,10,1120.8676175354422,6.986153816460064
0,225,15,1422.4844419904628,9.931762147660908
0,225,20,1637.472058703123,12.625301699143495
0,225,25,1787.798221230674,15.111569801268278
0,225,30,1885.125776560671,17.419034931000155
0,225,35,1936.0506938313074,19.565198580136194
0,225,40,1944.420856049951,21.559587906857377
0,225,45,1912.4960050705997,23.405599813679732
0,225,50,1841.5935535601966,25.10172852497215
0,225,55,1732.493618353045,26.642443991122626
0,225,60,1585.7369765840745,28.018885548001126
0,225,65,1401.8954019981522,29.219500185560264
0,225,70,1181.8775541032542,30.230754965344005
0,225,75,927.3396452257176,31.038073422076707
0,225,80,641.2956567319058,31.627163377456505
0,250,10,1285.1613700361418,7.576534292927186
0,250,15,1608.0397627190553,10.70409313672799
0,250,20,1834.004498418032,13.547607172503835
0,250,25,1989.5170779267783,16.164461036399434
0,250,30,2088.085143971795,18.590023007372135
0,250,35,2137.1269904742962,20.8456216298392
0,250,40,2140.8562552002813,22.94278319062651
0,250,45,2101.670875934207,24.88573972408574
0,250,50,2020.9031844683273,26.6730371557405
0,250,55,1899.2781542494786,28.29864399676682
0,250,60,1737.2429391044766,29.752793703388253
0,250,65,1535.2612414153743,31.022730793765774
0,250,70,1294.1451785048928,32.093519591100765
0,250,75,1015.5044162568598,32.94909279116102
0,250,80,702.4238801215356,33.57373575290901
0,275,10,1444.6694115433536,8.129949139241576
0,275,15,1784.9570524092,11.419144268937348
0,275,20,2019.4537080884409,14.39521240892062
0,275,25,2178.632293976246,17.127783356391696
0,275,30,2277.5492290668562,19.658616607666257
0,275,35,2324.2751397268025,22.012422716266194
0,275,40,2323.2916603392655,24.20238657274416
0,275,45,2277.0787866419673,26.23333449092054
0,275,50,2186.952684240852,28.103708079756352
0,275,55,2053.568055490921,29.80688886005769
0,275,60,1877.2739687015933,31.3321779084428
0,275,65,1658.428633015654,32.66564074524917
0,275,70,1397.7537628065436,33.79100397187375
0,275,75,1096.8173828617596,34.690805535845456
0,275,80,758.7711675851947,35.34801986617763
0,300,10,1598.6079049626762,8.648740108384528
0,300,15,1953.134306256932,12.08222129438256
0,300,20,2194.2800586916997,15.176400762372188
0,300,25,2356.019124336796,18.012556348194014
0,300,30,2454.6865810849004,20.638269115958778
0,300,35,2498.861857506736,23.08119617688976
0,300,40,2493.216203531588,25.355872714106358
0,300,45,2440.268486463031,27.46751358227475
0,300,50,2341.2958454479794,29.414330185626813
0,300,55,2196.872511949394,31.189053943038072
0,300,60,2007.24772144305,32.780041158496175
0,300,65,1772.6781697829601,34.172207964846116
0,300,70,1493.8023020567866,35.34800715281198
0,300,75,1172.153075014584,36.28867084660938
0,300,80,810.9484061514894,36.97596253788867
0,325,10,1746.6028340197433,9.135355828198174
0,325,15,2112.795007208296,12.698336597093833
0,325,20,2359.1490325963655,15.898612840687573
0,325,25,2522.6491721863795,18.828376104867285
0,325,30,2620.6746024165072,21.540454407816156
0,325,35,2662.195966084903,24.065048948009643
0,325,40,2652.012457642503,26.417776214920607
0,325,45,2592.6489610717,28.604068538916998
0,325,50,2485.3268664858206,30.621807983098584
0,325,55,2330.5330964867712,32.463031086238715
0,325,60,2128.41682236036,34.11514741977121
0,325,65,1879.137574238582,35.56195654541609
0,325,70,1583.2575546664816,36.78469823399864
0,325,75,1242.281478851147,37.76337943552638
0,325,80,859.494770279362,38.47864104337214
0,350,10,1888.5535853345348,9.592231219941207
0,350,15,2264.3390544192666,13.272103166664058
0,350,20,2514.8008803453267,16.56842742459586
0,350,25,2679.4863037705913,19.583519072538074
0,350,30,2776.6206010135634,22.374904989665403
0,350,35,2815.4708433733467,24.97497027953477
0,350,40,2800.916075038905,27.400182929674305
0,350,45,2735.462297435804,29.656052708596285
0,350,50,2620.2629214538847,31.740055521860384
0,350,55,2455.7129957429524,33.643502631020844
0,350,60,2241.862198914049,35.35286228086807
0,350,65,1978.7771008454408,36.85085151393157
0,350,70,1666.9500949675628,38.117553820460955
0,350,75,1307.8640711320909,39.13182338840799
0,350,80,904.8739443530696,39.87325596557271
0,375,10,2024.535730734134,10.021711358004657
0,375,15,2408.2506776807554,13.807697544866334
0,375,20,2661.9793328621226,17.19160963014881
0,375,25,2827.4370549691357,20.28509267006256
0,375,30,2923.530788576058,23.14986643071236
0,375,35,2959.7482512318397,25.82018363617723
0,375,40,2941.0109502756904,28.313169754447948
0,375,45,2869.787132445595,30.634298372511
0,375,50,2747.1532642797106,32.78058046662896
0,375,55,2573.409488195345,34.74258262551427
0,375,60,2348.5069479678136,36.50584223177253
0,375,65,2072.4230886810137,38.05202782637421
0,375,70,1745.5861623314936,39.36011900033756
0,375,75,1369.4629681950269,40.40788184033113
0,375,80,947.4800689821209,41.17393477771755
0,400,10,2154.7336393737623,10.426007344087004
0,400,15,2545.043093287725,14.308862879052857
0,400,20,2801.394732108043,17.773188510742536
0,400,25,2967.330335018141,20.93919399630857
0,400,30,3062.3031980098885,23.872334120410326
0,400,35,3095.9613032061407,26.608454522808305
0,400,40,3073.239559329384,29.165175416694648
0,400,45,2996.554124133164,31.547842500497445
0,400,50,2866.8979268909266,33.752957406408576
0,400,55,2684.474205923583,35.770330959722486
0,400,60,2449.1366755919885,37.584583478811986
0,400,65,2160.7770411190704,39.176368202890075
0,400,70,1819.7642961957265,40.52360889233221
0,400,75,1427.554130334325,41.6030412140518
0,400,80,987.6468034520966,42.39236567026345
0,425,10,2279.3947455283337,10.807174197089703
0,425,15,2675.226313231041,14.778933483354747
0,425,20,2933.706831278233,18.317543343474945
0,425,25,3099.912430589385,21.551058709451542
0,425,30,3193.731915877098,24.548260081702132
0,425,35,3224.9254507572928,27.346348923784273
0,425,40,3198.4187163309703,29.963304091519294
0,425,45,3116.564861765708,32.40426964399105
0,425,50,2980.268415496178,34.66520475595265
0,425,55,2789.634413283785,36.73515958303476
0,425,60,2544.420259914343,38.59785331926607
0,425,65,2244.4348488973683,40.232955815011714
0,425,70,1889.9920653390236,41.61737898395214
0,425,75,1482.5407386309234,42.726879547242355
0,425,80,1025.6566420034155,43.538292216068
0,450,10,2398.7990806949697,11.167103255616508
0,450,15,2799.2893061895847,15.22086950995017
0,450,20,3059.5185937418382,18.828487918302617
0,450,25,3225.8496376606186,22.125193042466243
0,450,30,3318.5161193595204,25.18272792745083
0,450,35,3347.3520526962006,28.039445823652017
0,450,40,3317.2562268865663,30.713570561215413
0,450,45,3230.5104393690963,33.209985369790644
0,450,50,3087.927221674679,35.5240827216525
0,450,55,2889.5125823173867,37.64415181754896
0,450,60,2634.9286798242447,39.55302788179561
0,450,65,2323.904096096616,41.22942778198161
0,450,70,1956.701102303484,42.64929178403523
0,450,75,1534.7652504276389,43.78744369563387
0,450,80,1061.7493639224956,44.619898365932556
250,100,10,311.11294107873874,3.4364754173469803
250,100,15,433.59735807607314,5.054342868065613
250,100,20,534.6241080334329,6.598925382425134
250,100,25,614.6706914439233,8.06642966201676
250,100,30,674.1859901977971,9.4533997816194
250,100,35,713.5842299763457,10.75642625492707
250,100,40,733.2580762196487,11.971922869315147
250,100,45,733.6041839073421,13.095967193416055
250,100,50,715.0584030704326,14.124201103485685
250,100,55,678.140389124676,15.051788959872432
250,100,60,623.50913530646,15.873433775709003
250,100,65,552.032248563998,16.583455886708634
250,100,70,464.8727697599034,17.175943763153555
250,100,75,363.59806532780374,17.64499164236744
250,100,80,250.31625874119104,17.985041521020715
250,125,10,459.4299083388491,4.229163168377137
250,125,15,627.7323604939961,6.181426189409061
250,125,20,761.844571178095,8.027559051005042
250,125,25,864.9373863902903,9.76888677087058
250,125,30,939.2471712324775,11.406059658405276
250,125,35,986.3710501185052,12.938806422670048
250,125,40,1007.4735713265034,14.365776907873476
250,125,45,1003.4398896063125,15.684457555281146
250,125,50,974.9983276805718,16.891149304457574
250,125,55,922.8287174293424,17.981002621100508
250,125,60,847.6698466999576,18.94811121081286
250,125,65,750.4384577665329,19.785675257757926
250,125,70,632.3729340529336,20.48625603443843
250,125,75,495.2167483239618,21.042154683528537
250,125,80,341.4602850116246,21.445954160634024
250,150,10,621.0903847852566,4.984173171299536
250,150,15,831.999159039496,7.236240234406998
250,150,20,994.7011944780786,9.345996473335743
250,150,25,1116.3481920743072,11.32276002047392
250,150,30,1201.5074051733313,13.173003979327216
250,150,35,1253.1662952784982,14.900578884650676
250,150,40,1273.3163186481015,16.50689721992297
250,150,45,1263.3177571900496,17.991104650851515
250,150,50,1224.14753819823,19.350253467277064
250,150,55,1156.5869720624753,20.57948984482628
250,150,60,1061.385585959136,21.67227096160098
250,150,65,939.4285240613611,22.620638703967657
250,150,70,791.9332139753176,23.41559163428727
250,150,75,620.7040631972442,24.047613296684826
250,150,80,428.48169052558706,24.5074247221812
250,175,10,789.9626569749754,5.699248201887123
250,175,15,1038.4835479666494,8.217867181657942
250,175,20,1224.7087787909693,10.556852519798777
250,175,25,1360.5721379938216,12.73578399835918
250,175,30,1453.1580019422183,14.768008705226464
250,175,35,1506.8306355434602,16.661916870719367
250,175,40,1524.3386666598249,18.421779351788224
250,175,45,1507.4411462078936,20.04834718961531
250,175,50,1457.2958861231882,21.53931734939907
250,175,55,1374.7288316837032,22.88972526691568
250,175,60,1260.4512379610148,24.092312555084867
250,175,65,1115.2698436770631,25.137922766168657
250,175,70,940.3292342731836,26.01599275092494
250,175,75,737.4296288916812,26.715227053434717
250,175,80,509.4764193291591,27.224555736609325
250,200,10,961.3400239760988,6.373710087439857
250,200,15,1241.9779900599647,9.128344910147726
250,200,20,1447.014193990902,11.666657638604738
250,200,25,1593.4545829741417,14.019970122223206
250,200,30,1690.8190149647614,16.208937393606305
250,200,35,1744.7083153389058,18.246484680315746
250,200,40,1758.5047247315995,20.13956936780148
250,200,45,1734.272373959966,21.890336953082276
250,200,50,1673.283354341556,23.49693960675558
250,200,55,1576.3625659074617,24.954160967987853
250,200,60,1444.1517722408469,26.253944396391017
250,200,65,1277.3559801300123,27.385911704690105
250,200,70,1077.0241832166716,28.33796917657427
250,200,75,844.9214751473318,29.097118796318547
250,200,80,584.0685985325696,29.650608025768964
250,225,10,1131.8399619264296,7.008097217887236
250,225,15,1439.3463224022757,9.971557111581765
250,225,20,1659.1982159094234,12.683849207331516
250,225,25,1813.3692541468886,15.188768509870924
250,225,30,1913.5820003130466,17.51424978243689
250,225,35,1966.484547260587,19.67748991981347
250,225,40,1975.9603463113176,21.687829825676616
250,225,45,1944.2908922604174,23.548542426314732
250,225,50,1872.8067326131334,25.258030973415973
250,225,55,1762.2981218337572,26.810692628886212
250,225,60,1613.3188149902865,28.19760555548032
250,225,65,1426.4627133461652,29.40716538083077
250,225,70,1202.676851305296,30.42579809124485
250,225,75,943.6801336384331,31.23889684656389
250,225,80,652.5824434918741,31.83214733104335
250,250,10,1299.172305517695,7.603804971675827
250,250,15,1628.8944933702994,10.752357795028441
250,250,20,1860.3386565261806,13.617431436252113
250,250,25,2020.0952748099332,16.255426507216633
250,250,30,2121.796291277152,18.70123303615644
250,250,35,2172.944746352812,20.97592677213949
250,250,40,2177.805193689889,23.090886528730774
250,250,45,2138.8029816560756,25.05024525873483
250,250,50,2057.2836289572947,26.85247044241259
250,250,55,1933.9791012897786,28.491459966074608
250,250,60,1769.3448361356368,29.957379860834664
250,250,65,1563.8618165533808,31.237410430423125
250,250,70,1318.377025543226,32.316557378814856
250,250,75,1034.5625506714787,33.17870293766497
250,250,80,715.6048655243743,33.80809019193848
250,275,10,1461.882321232755,8.162775310181118
250,275,15,1809.8701971320131,11.47595866774686
250,275,20,2050.375715148106,14.476187658959685
250,275,25,2214.133106044155,17.23217797726941
250,275,30,2316.3852278923864,19.785287753613403
250,275,35,2365.3163205652186,22.16003410095215
250,275,40,2365.4711818353817,24.369494496793322
250,275,45,2319.360601850657,26.41841968363383
250,275,50,2228.312368989888,28.305183017945648
250,275,55,2092.983887192948,30.02309506546336
250,275,60,1913.7269894130443,31.561380885489346
250,275,65,1690.9116917065708,32.90602691158701
250,275,70,1425.2905199872544,34.04068190869464
250,275,75,1118.4930619845968,34.94781198027407
250,275,80,773.7774248544048,35.61032835792664
250,300,10,1619.1215750942688,8.68725313772673
250,300,15,1982.105911558367,12.14753971432456
250,300,20,2229.7140493535344,15.268274888073707
250,300,25,2396.3136418680006,18.129930764969977
250,300,30,2498.4830801809585,20.779776478821013
250,300,35,2544.9398857826855,23.245337478572925
250,300,40,2540.427681160348,25.541080158206242
250,300,45,2487.497489185002,27.672164645570568
250,300,50,2387.4351698929154,29.636741505277634
250,300,55,2240.8124833484003,31.427468376775984
250,300,60,2047.8753330604734,33.032614912381554
250,300,65,1808.8863676399055,34.43700169355916
250,300,70,1524.5105100254511,35.622983317918305
250,300,75,1196.3411309737385,36.57169798451936
250,300,80,827.7070231068301,37.264824825071685
250,325,10,1770.464597574917,9.179608503377171
250,325,15,2145.7797126474215,12.772024305361063
250,325,20,2398.984954926083,16.001055525703475
250,325,25,2567.58471144231,18.958222649800824
250,325,30,2669.2518551622074,21.696137057487025
250,325,35,2713.115246070863,24.24492915046152
250,325,40,2704.052927832588,26.62018233145709
250,325,45,2644.6215922741053,28.8272918838653
250,325,50,2536.047373071414,30.86408363711179
250,325,55,2378.808876084835,32.72251526165107
250,325,60,2173.0454391936373,34.389897309288685
250,325,65,1918.9164657514953,35.849916112599495
250,325,70,1617.0061805902203,37.083692150058745
250,325,75,1268.8784520330332,38.07111606391967
250,325,80,877.9337832759053,38.792723293034754
250,350,10,1915.7712935335799,9.642214750199669
250,350,15,2301.261325898613,13.353965191511303
250,350,20,2558.9092823315573,16.681064266501604
250,350,25,2728.899608198853,19.725306875798314
250,350,30,2829.794928736711,22.544099715554953
250,350,35,2871.036658869496,25.169815064300824
250,350,40,2857.5868206529626,27.61891992694796
250,350,45,2791.98147119466,29.896901464965815
250,350,50,2675.373935161741,32.00118134432504
250,350,55,2508.1445873323155,33.92298489053489
250,350,60,2290.326485030551,35.64866754944236
250,350,65,2021.9798613793555,37.16081454692699
250,350,70,1703.6146442851275,38.439368519458924
250,350,75,1336.7716057416856,39.46304488787523
250,350,80,924.9248339422929,40.21131314272106
250,375,10,2055.087856107425,10.077370131913899
250,375,15,2449.0159200712733,13.89750037090607
250,375,20,2710.2212444302663,17.314045593554088
250,375,25,2881.162535046482,20.4382899947981
250,375,30,2981.1213139113424,23.331927683747494
250,375,35,3019.7722535078233,26.029252565514433
250,375,40,3002.1220011504765,28.54741744246553
250,375,45,2930.665969803474,30.891884660291627
250,375,50,2806.475037999662,33.059610623844925
250,375,55,2629.8279255960974,35.04106723611904
250,375,60,2400.6521610192476,36.82166416069516
250,375,65,2118.912568705691,38.382918859692154
250,375,70,1785.050462888326,39.703648244116366
250,375,75,1400.589298529387,40.761457271293764
250,375,80,969.0788699527112,41.53481766022444
250,400,10,2188.577413502489,10.48725118521903
250,400,15,2589.5455524506206,14.406350353770685
250,400,20,2853.628120653627,17.905023630275586
250,400,25,3025.2050601570445,21.10328194011633
250,400,30,3124.135620754659,24.066645088059122
250,400,35,3160.2643370649766,26.83104948535387
250,400,40,3138.6117967645037,29.41416728735511
250,400,45,3061.617520242864,31.8213415245237
250,400,50,2930.26281745495,34.04901689479177
250,400,55,2744.7224530874128,36.0868993750799
250,400,60,2504.8193799942264,37.9194657473338
250,400,65,2210.42635730417,39.52719841511613
250,400,70,1861.9210069356002,40.887836503330355
250,400,75,1460.8145181548493,41.97793236315775
250,400,80,1010.7344497590757,42.775019739719085
250,425,10,2316.472515346816,10.873888231434952
250,425,15,2723.3545859279407,14.883838233393991
250,425,20,2989.790718846618,18.45838294548182
250,425,25,3161.7790280359272,21.72553917980747
250,425,30,3259.640464582279,24.754238212198196
250,425,35,3293.338797020912,27.581817341826543
250,425,40,3267.8845956505907,30.226328526423274
250,425,45,3185.6498362122247,32.692919228390735
250,425,50,3047.52097809826,34.97748758977266
250,425,55,2853.5672959432222,37.068967601243514
250,425,60,2603.5081710723257,38.95091836800201
250,425,65,2297.1272012400937,40.6028188032933
250,425,70,1934.7425118465878,42.001374190366114
250,425,75,1517.8573557152342,43.12213597647613
250,425,80,1050.1789047411792,43.941752485820494
250,450,10,2439.0431674301735,11.23915567792476
250,450,15,2850.93011447554,15.332920970755186
250,450,20,3119.3156016694375,18.977949036489886
250,450,25,3291.557858325061,22.309593004759865
250,450,30,3388.3443925870747,25.39982699965862
250,450,35,3419.717745570128,28.28718079422967
250,450,40,3390.659722909049,30.989969315407965
250,450,45,3303.465825980571,33.513083084761504
250,450,50,3158.923735400837,35.85184797273602
250,450,55,2956.996223515244,37.99442472996729
250,450,60,2697.300071913833,39.92347138273732
250,450,65,2379.532200994307,41.617493510555164
250,450,70,2003.954779735016,43.05220278258941
250,450,75,1572.0667862089952,44.20219601620639
250,450,80,1087.6565860560227,45.04328244244249
500,100,10,312.0615956406406,3.439311067400673
500,100,15,435.41519188176017,5.06025862596034
500,100,20,537.3693658552727,6.608637976016386
500,100,25,618.3021263018246,8.080396191142711
500,100,30,678.5928767521502,9.471850893802534
500,100,35,718.6085659447564,10.779400184889106
500,100,40,738.7113298979119,11.99929860766543
500,100,45,739.280391112254,13.12749592535809
500,100,50,720.7449283424097,14.159535598369844
500,100,55,683.6272625426,15.090510895150473
500,100,60,628.5975356045948,15.915079052912523
500,100,65,556.5423884375535,16.62753782221062
500,100,70,468.6511096246987,17.22197359513683
500,100,75,366.52340072943457,17.692495103266996
500,100,80,252.30377136869433,18.033569408130464
500,125,10,461.44700840718536,4.234359703617187
500,125,15,631.4169023418367,6.191985218446398
500,125,20,767.2029555499339,8.044506442415736
500,125,25,871.818820637476,9.7927920547194
500,125,30,947.4083072439633,11.437134634224504
500,125,35,995.5139502584102,12.97698451069338
500,125,40,1017.2692337692058,14.410777061019957
500,125,45,1013.5440073500321,15.73583610903556
500,125,50,985.0630596753291,16.948342640286093
500,125,55,932.5126750203038,18.04336305744063
500,125,60,856.6475842264973,19.014937999706405
500,125,65,758.4101497327055,19.856241841728394
500,125,70,639.074407908727,20.559833714601485
500,125,75,500.42946849467063,21.118031511950687
500,125,80,345.0201363378615,21.523446325611676
500,150,10,624.6760430258984,4.992511195593487
500,150,15,838.2469156709394,7.252712466258536
500,150,20,1003.4724117940549,9.371832076426864
500,150,25,1127.317304305008,11.358524102411987
500,150,30,1214.2588817625417,13.21879153401213
500,150,35,1267.2405392205799,14.956148001099711
500,150,40,1288.232981283783,16.571762836749155
500,150,45,1278.5890199450134,18.064606085697648
500,150,50,1239.2873142452927,19.431604454744075
500,150,55,1171.1190610142673,20.6678171520226
500,150,60,1074.852436423461,21.766645790751486
500,150,65,951.4015256436211,22.7201035055982
500,150,70,802.0249147759667,23.51918331242008
500,150,75,628.5821192755252,24.15438185314388
500,150,80,433.88349046697255,24.616444185010625
500,175,10,795.5972369901714,5.711439272809192
500,175,15,1047.8752031289005,8.241276131829613
500,175,20,1237.484101260703,10.592761546712769
500,175,25,1376.1866418986026,12.784633858533619
500,175,30,1471.0072797600387,14.829698770848514
500,175,35,1526.2911446841879,16.735986968067582
500,175,40,1544.7831395815513,18.507524505399065
500,175,45,1528.2450770680407,20.144892307033945
500,175,50,1477.8417284867019,21.645667545087065
500,175,55,1394.410878082585,23.004801634130484
500,175,60,1278.6827129603175,24.214979673367203
500,175,65,1131.4931337801202,25.267011753967868
500,175,70,954.0298190469831,26.150321516767367
500,175,75,748.1538397854791,26.853617071677238
500,175,80,516.8523723532264,27.36584203102967
500,200,10,969.4417950172863,6.3903570445101785
500,200,15,1254.9463773705077,9.159438464274174
500,200,20,1464.1757106611576,11.713380165480526
500,200,25,1614.0271943029577,14.082542671655913
500,200,30,1714.0113672897746,16.28701584416844
500,200,35,1769.74273504152,18.339375460468275
500,200,40,1784.6190254338894,20.24635306952541
500,200,45,1760.71705962043,22.009941428281227
500,200,50,1699.3197370082846,23.628184599791446
500,200,55,1601.2638805549539,25.095787036251068
500,200,60,1467.2083193934404,26.404633809568047
500,200,65,1297.8850552695458,27.544305849490655
500,200,70,1094.3854792532486,28.502684548685327
500,200,75,858.5384654686582,29.266761175826854
500,200,80,593.4558606575717,29.823781582895958
500,225,10,1142.74522427571,7.029677767728843
500,225,15,1456.1816777673384,10.010825143085556
500,225,20,1680.9550212081003,12.741758181551221
500,225,25,1839.029670469768,15.265257669688186
500,225,30,1942.180784792871,17.608712060795973
500,225,35,1997.1050869781266,19.789003328717552
500,225,40,2007.7198066982958,21.81527832036284
500,225,45,1976.3272807328012,23.6906803851038
500,225,50,1904.2708274723454,25.413518029043644
500,225,55,1792.3509197894955,26.978113381407134
500,225,60,1641.1348236548017,28.37548250887096
500,225,65,1451.2396061857862,29.593969903238555
500,225,70,1223.6522711164937,30.619961695248826
500,225,75,960.1565600022825,31.43882263734614
500,225,80,663.9608134100539,32.03621859962688
500,250,10,1313.1325769583268,7.630672492480189
500,250,15,1649.767176093148,10.800072482272894
500,250,20,1886.7711826217314,13.686622846643665
500,250,25,2050.8485118896,16.345720389045677
500,250,30,2155.749071096229,18.811760563353612
500,250,35,2209.0578500198817,21.105554319524355
500,250,40,2215.0889463765643,23.238324496265957
500,250,45,2176.2943887079286,25.21409911022449
500,250,50,2094.032535432271,27.031263355679858
500,250,55,1969.0423476694652,28.68364225138827
500,250,60,1801.7879709380695,30.16133350219476
500,250,65,1592.7686297320463,31.45145348809021
500,250,70,1342.8677851285972,32.538950615855896
500,250,75,1053.8222715507009,33.40765875708959
500,250,80,728.9230736534732,34.041781201205936
500,275,10,1479.0716470418722,8.195170159048784
500,275,15,1834.857736537835,11.532220802562463
500,275,20,2081.4750463130913,14.55656158986524
500,275,25,2249.904650811238,17.335967481069225
500,275,30,2355.570843893432,19.911376254940922
500,275,35,2406.769528667111,22.307098643861195
500,275,40,2408.107717231606,24.53609596794175
500,275,45,2362.126397286798,26.603037539513863
500,275,50,2270.1645848804524,28.506224668509567
500,275,55,2132.882240651316,30.238894745016598
500,275,60,1950.6342057440916,31.790195910932663
500,275,65,1723.803114000776,33.14603578788019
500,275,70,1453.1738628712847,34.28998662449442
500,275,75,1140.4400450040077,35.20444481332898
500,275,80,788.9695227014371,35.87226090949641
500,300,10,1639.6483781209517,8.725318946973637
500,300,15,2011.2178416094855,12.212321914842098
500,300,20,2265.4124404167087,15.359600308284705
500,300,25,2436.981317790464,18.246788477550567
500,300,30,2542.742808988574,20.920822991592242
500,300,35,2591.5514530641867,23.409084359037248
500,300,40,2588.222670106771,25.725961517530926
500,300,45,2535.3391091632975,27.8765541605522
500,300,50,2434.1948412883567,29.85894830918008
500,300,55,2285.358798309971,31.665725619902314
500,300,60,2089.0735538947306,33.285068134435214
500,300,65,1845.6083130526613,34.701701068511575
500,300,70,1555.6559307498992,35.8978820545946
500,300,75,1220.872703401841,36.85465743489128
500,300,80,844.7019457000517,37.55362445095035
500,325,10,1794.3844978496102,9.223409707486956
500,325,15,2178.977870190891,12.845207387206514
500,325,20,2439.177922912674,16.103018729364003
500,325,25,2613.00004107952,19.087657252122813
500,325,30,2718.4091712373806,21.851496280171485
500,325,35,2764.6921422757164,24.424582251567195
500,325,40,2756.805571567689,26.822457100037273
500,325,45,2697.3374258288586,29.05047357660534
500,325,50,2587.517894832127,31.10639767086064
500,325,55,2427.816643142539,32.98210595807314
500,325,60,2218.3628856898067,34.664808902810506
500,325,65,1959.3162500097537,36.1380796316934
500,325,70,1651.284291163004,37.3829203861002
500,325,75,1295.8925779309197,38.37910741394043
500,325,80,896.6606406462208,39.10707306434027
500,350,10,1943.0989990091457,9.691753154853231
500,350,15,2338.4754098828203,13.435366972721573
500,350,20,2603.4709475261175,16.79330357540578
500,350,25,2778.901669273594,19.866799310357862
500,350,30,2883.667655489475,22.713119179446544
500,350,35,2927.3851547553286,25.364609885597282
500,350,40,2915.0991074930757,27.837729472316596
500,350,45,2849.375021576463,30.137937257809668
500,350,50,2731.36521412171,32.26259713999472
500,350,55,2561.434445900366,34.20284621136475
500,350,60,2339.5985299799972,35.944925881983934
500,350,65,2065.9114245395112,37.471289354964775
500,350,70,1740.9017227442332,38.76173922745295
500,350,75,1366.1706373906584,39.79485385821773
500,350,80,945.3156620052055,40.54997866304481
500,375,10,2085.807330310642,10.132599471957052
500,375,15,2490.154957867098,13.986897598668548
500,375,20,2759.0146903037717,17.436175463157266
500,375,25,2935.5867147212725,20.591316766206003
500,375,30,3039.528870137646,23.51396886829729
500,375,35,3080.703905887267,26.238454724408534
500,375,40,3064.2036832758076,28.781946951959288
500,375,45,2992.550042329929,31.149891661398787
500,375,50,2866.807069217763,33.33918719654899
500,375,55,2687.2307646108243,35.34020835793363
500,375,60,2453.7240501270953,37.13823562993934
500,375,65,2166.2388723718136,38.71463490308148
500,375,70,1825.2305372569679,40.048060923453626
500,375,75,1432.281707832588,41.115958952281154
500,375,80,991.0699171961733,41.89665596991251
500,400,10,2222.6501519204908,10.548089332343002
500,400,15,2634.506129926878,14.503494933683136
500,400,20,2906.512235430668,18.03665096618014
500,400,25,3083.8884359458034,21.267329625636336
500,400,30,3186.9031695515437,24.26109543683529
500,400,35,3225.5991672255773,27.053964178862948
500,400,40,3205.082826537962,29.663652915577835
500,400,45,3127.8161020916505,32.09549722191478
500,400,50,2994.7671546551637,34.34588137254875
500,400,55,2806.080587098794,36.404403916480334
500,400,60,2561.5472009402883,38.25539635302943
500,400,65,2261.020208009143,39.87916942266829
500,400,70,1904.8865670908879,41.25327778066579
500,400,75,1494.715500462379,42.35409158058189
500,400,80,1034.2666424981091,43.15897953431916
500,425,10,2353.8440685413734,10.940227108895865
500,425,15,2772.026639109769,14.988468980717357
500,425,20,3046.624613473497,18.599117859326626
500,425,25,3224.563554686132,21.900113059908207
500,425,30,3326.601132459804,24.960517367059836
500,425,35,3362.9067805601653,27.81779331073335
500,425,40,3338.576077716031,30.4900593774161
500,425,45,3255.9986607966393,32.982461824011935
500,425,50,3116.0410282181965,35.2908342253532
500,425,55,2918.734583469614,37.403991606925175
500,425,60,2663.758870319692,39.305330921805414
500,425,65,2350.871224008654,40.97413893108658
500,425,70,1980.3944818721816,42.386914063852466
500,425,75,1553.8888245758053,43.51900325673045
500,425,80,1075.1978663621094,44.346869888253316
500,450,10,2479.648168208261,11.31086912840745
500,450,15,2903.2009356296307,15.444771954458549
500,450,20,3179.961383928407,19.127411708831875
500,450,25,3358.2921442743623,22.49422182294308
500,450,30,3459.340301111525,25.61738942568175
500,450,35,3493.3593025069567,28.535611020626746
500,450,40,3465.4140178441976,31.26728649718082
500,450,45,3377.8122088758896,33.81730919501382
500,450,50,3231.3144198079276,36.18093475457836
500,450,55,3025.8376285589407,38.34619242197408
500,450,60,2760.950978579176,40.295560593678964
500,450,65,2436.3183774472027,42.007331920903965
500,450,70,2052.2021126445397,43.45698882180366
500,450,75,1610.1570563192745,44.61890150684891
500,450,80,1114.112426368625,45.46867472317426
750,100,10,312.9896329188845,3.442073745053435
750,100,15,437.1983845879957,5.066030397555499
750,100,20,540.0682769464578,6.618126087585577
750,100,25,621.8785996357752,8.094054766758354
750,100,30,682.9391646564044,9.489911914591447
750,100,35,723.5691955534223,10.801905917711021
750,100,40,744.0998001963968,12.026133651616101
750,100,45,744.8923557433064,13.158417912043715
750,100,50,726.3690971764358,14.194204129453995
750,100,55,689.0548870440316,15.128514614876025
750,100,60,633.6310200476013,15.955960840691501
750,100,65,561.0032622691976,16.67081793119092
750,100,70,472.3872705642402,17.26717014079629
750,100,75,369.41516117928217,17.739140638950854
750,100,80,254.267793229696,18.081221537350615
750,125,10,463.4266462768651,4.239430928486782
750,125,15,635.0456600424163,6.2023100735306596
750,125,20,772.4943991629284,8.0611055645818
750,125,25,878.6283665015296,9.816238480019184
750,125,30,955.4970304140618,11.46764787516272
750,125,35,1004.5866440097236,13.014507287743351
750,125,40,1026.998313192902,14.455037795668646
750,125,45,1023.5856983777278,15.786400107335364
750,125,50,995.0695729066188,17.004654554173207
750,125,55,942.1425435258914,18.104782845608504
750,125,60,865.5754451232553,19.0807721344773
750,125,65,766.3366412282085,19.9257708251988
750,125,70,645.7363318365864,20.63233599370957
750,125,75,505.60978573582554,21.192802573040634
750,125,80,348.55661003049573,21.599810238821735
750,150,10,628.2067087005785,5.000663034827041
750,150,15,844.4237459248296,7.268856737305602
750,150,20,1012.1697419775932,9.39720342611691
750,150,25,1138.2180026356089,11.393701165526673
750,150,30,1226.9517828044784,13.263884568272474
750,150,35,1281.2674355727331,15.010929299200331
750,150,40,1303.1129348050663,16.63575944382058
750,150,45,1293.8324358325917,18.137167195006388
750,150,50,1254.4057644651486,19.511951770290153
750,150,55,1185.6339398387006,20.755084043461014
750,150,60,1088.304136811243,21.85990931013988
750,150,65,963.3600684798378,22.81841180193927
750,150,70,812.1024115184267,23.621579362749838
750,150,75,636.44683175513,24.25992250972554
750,150,80,439.2743621524031,24.724211356414585
750,175,10,801.1631728980198,5.723380835167745
750,175,15,1057.1931155938478,8.26427170662424
750,175,20,1250.1980745051649,10.628113794407374
750,175,25,1391.760742384518,12.83280787465405
750,175,30,1488.8395756811585,14.890615732982498
750,175,35,1545.7567733763672,16.809204106264158
750,175,40,1565.2512434921464,18.592349784564806
750,175,45,1549.0863064914586,20.240459775756054
750,175,50,1498.433158490167,21.750988588546125
750,175,55,1414.1414473255468,23.118801736685487
750,175,60,1296.9607923326942,24.336526886625972
750,175,65,1147.7571782378889,25.394940628580287
750,175,70,967.7626563694741,26.283454103834245
750,175,75,758.9006695864364,26.99078026133413
750,175,80,524.2417208703998,27.50587784710153
750,200,10,977.4689676308072,6.4066944197435785
750,200,15,1267.8537423369748,9.190049863854574
750,200,20,1481.3089491285136,11.759484586250506
750,200,25,1634.6106146909265,14.144394848814388
750,200,30,1737.25273508959,16.364297842567677
750,200,35,1794.8594996002614,18.43141229169232
750,200,40,1810.8419209417464,20.35223749259317
750,200,45,1787.2883603391458,22.128608527620433
750,200,50,1725.4920694641678,23.75845786817316
750,200,55,1626.301878226839,25.236408624627302
750,200,60,1490.3942539096124,26.55428662368798
750,200,65,1318.5292451043083,27.70163201855848
750,200,70,1111.8421554371132,28.666302320672497
750,200,75,872.227542986082,29.435279767653597
750,200,80,602.89045200715,29.995810628322122
750,225,10,1153.5800056671633,7.050896317127997
750,225,15,1472.9846822191128,10.0495630845127
750,225,20,1702.735161447597,12.799020379624682
750,225,25,1864.7713748787185,15.341023794392594
750,225,30,1970.9137042894188,17.702403275794094
750,225,35,2027.903831568318,19.899715701738135
750,225,40,2039.690865487107,21.94190609601278
750,225,45,2008.597013643591,23.83198262250378
750,225,50,1935.9779763774861,25.568155249755588
750,225,55,1822.6445271911593,27.144668814566085
750,225,60,1669.1779978583463,28.55247635293951
750,225,65,1476.2196967457153,29.77987145097104
750,225,70,1244.7982366581966,30.813201609123343
750,225,75,976.7643835599838,31.63780514565107
750,225,80,675.4275174354032,32.23933044816296
750,250,10,1327.037468721419,7.6571360750856545
750,250,15,1670.6507485200077,10.84723097285731
750,250,20,1913.2939028409319,13.755169110443411
750,250,25,2081.7682605411906,16.435324535420307
750,250,30,2189.935014369979,18.921582068910237
750,250,35,2245.458100888337,21.234475903418414
750,250,40,2252.699673437076,23.385064365623247
750,250,45,2214.1376493182725,25.377264628046227
750,250,50,2131.1428556755936,27.20937571135149
750,250,55,2004.4612561943545,28.875147494454733
750,250,60,1834.5661554485662,30.3646084498343
750,250,65,1621.9760254379012,31.66481133028992
750,250,70,1367.612476027994,32.76064858483766
750,250,75,1073.2794750288538,33.63590785972878
750,250,80,742.3755289384778,34.27475515429907
750,275,10,1496.2314608634335,8.227130994474084
750,275,15,1859.9117409647188,11.587921354113087
750,275,20,2112.7431858974633,14.63631815944815
750,275,25,2285.9385597233113,17.43912966432222
750,275,30,2395.0981943562692,20.03685441748525
750,275,35,2448.627492169474,22.453583773931832
750,275,40,2451.194615439382,24.70215405401634
750,275,45,2405.370093390159,26.787147193607616
750,275,50,2312.5037512843464,28.706788595373638
750,275,55,2173.2579654308133,30.45424021984956
750,275,60,1987.990856439585,32.01857238334881
750,275,65,1757.0985364193014,33.38561418565022
750,275,70,1481.3999020216395,34.53886271142842
750,275,75,1162.655069653457,35.46064682282241
750,275,80,804.3450479878275,36.1337589654017
750,300,10,1660.1813703331766,8.762932791325872
750,300,15,2040.4617025242972,12.276555632822378
750,300,20,2301.3668667407733,15.450357679935218
750,300,25,2478.014469370695,18.36310391446051
750,300,30,2587.4590085439754,21.061377662349543
750,300,35,2638.6907581651994,23.57240106973573
750,300,40,2636.5962523177286,25.910476805090163
750,300,45,2583.7891797764055,28.080638303158576
750,300,50,2481.571287824605,30.08090326218692
750,300,55,2330.508323782238,31.90377511045636
750,300,60,2130.8395586551264,33.53734731875196
750,300,65,1882.8414075209466,34.96624994430531
750,300,70,1587.23618505096,36.172644926805035
750,300,75,1245.7457147781606,37.1374888787134
750,300,80,861.93156944079,37.842299688459484
750,325,10,1818.3548269434627,9.26675261564085
750,325,15,2212.381016604726,12.917870899444212
750,325,20,2479.720160036651,16.204480315065155
750,325,25,2658.888609527967,19.216651662129806
750,325,30,2768.1413590303214,22.00649861359429
750,325,35,2816.9227661843697,24.60397025882951
750,325,40,2810.267646162656,27.02455849899338
750,325,45,2750.794651405698,29.273567934186385
750,325,50,2639.7373111681754,31.34870102504877
750,325,55,2477.555718096001,33.241750981656956
750,325,60,2264.3686933741446,34.939827110603126
750,325,65,2000.3364865112899,36.426389383459316
750,325,70,1686.0913668621547,37.682322915076135
750,325,75,1323.3232514458575,38.68729155004102
750,325,80,915.6747536504633,39.4216269821831
750,350,10,1970.5285044398458,9.740837591200318
750,350,15,2375.97313685497,13.516291208304143
750,350,20,2648.4790627108637,16.905120935428783
750,350,25,2829.4874336863504,20.007966095730538
750,350,30,2938.2355162321282,22.881928189144386
750,350,35,2984.5147109440272,25.559315321195335
750,350,40,2973.4527246649586,28.056568390153974
750,350,45,2907.643853612223,30.37911348921804
750,350,50,2788.238449717144,32.52425312999616
750,350,55,2615.584703609587,34.48303383177952
750,350,60,2389.6805701521816,36.24158172805047
750,350,65,2110.5738347298307,37.78221782615991
750,350,70,1778.812962438146,39.08460556191999
750,350,75,1396.0622746074248,40.12718801860304
750,350,80,966.047029609429,40.889188811478405
750,375,10,2116.6857423160973,10.187388640846073
750,375,15,2531.6602358220216,14.075869911818089
750,375,20,2808.3541329301256,17.55797303209614
750,375,25,2990.706336399277,20.74414125541146
750,375,30,3098.752406473005,23.695953712045196
750,375,35,3142.54414129973,26.447749963627814
750,375,40,3127.258604140036,29.01671470450522
750,375,45,3055.4432615508877,31.40827266175367
750,375,50,2928.1541565591374,33.619260535739265
750,375,55,2745.6232449586137,35.63995356415694
750,375,60,2507.7278462249674,37.45550158395133
750,375,65,2214.406802799965,39.0471184563593
750,375,70,1866.130414837397,40.39329734711044
750,375,75,1464.5432218811823,41.47132534681893
750,375,80,1013.4551487885586,42.2593867653478
750,400,10,2256.943492112384,10.608509316138965
750,400,15,2679.9181600980824,14.600275628856192
750,400,20,2960.043070457331,18.168042967638847
750,400,25,3143.3792388095094,21.431304388036786
750,400,30,3250.6072367989364,24.455648368675625
750,400,35,3291.9695068175124,27.277158322798925
750,400,40,3272.6583053483123,29.91358895211077
750,400,45,3195.157024864546,32.37026343758318
750,400,50,3060.419087699291,34.64350204146989
750,400,55,2868.557201648169,36.72279325409804
750,400,60,2619.3286073619147,38.592321543095736
750,400,65,2312.5663867955805,40.23222518938617
750,400,70,1948.6676123297611,41.61987461727219
750,400,75,1529.2621940028055,42.73145899976537
750,400,80,1058.2467825330589,43.544183840538935
750,425,10,2391.501331606993,11.00617681226443
750,425,15,2821.2369287469905,15.092803385487409
750,425,20,3104.2062477544555,18.739719590614087
750,425,25,3288.2670103651,22.074747191145768
750,425,30,3394.6179365519515,25.167060698847823
750,425,35,3433.6360761089963,28.054236919712853
750,425,40,3410.5020550772147,30.754454058639286
750,425,45,3327.6219288900234,33.27285240288299
750,425,50,3185.8402680168097,35.605197319115206
750,425,55,2985.1484309533494,37.740182018432414
750,425,60,2725.1842715657435,39.66103922318476
750,425,65,2405.6778997085826,41.346862359063884
750,425,70,2026.9573973038957,42.773942848305055
750,425,75,1590.6425030120088,43.917423985472816
750,425,80,1100.7184993408196,44.75358575466411
750,450,10,2520.606513487018,11.382228232177422
750,450,15,2956.097539768302,15.556399072137491
750,450,20,3241.455577460774,19.276846849556875
750,450,25,3426.055868251399,22.679046224041333
750,450,30,3531.51063008588,25.835378707799563
750,450,35,3568.2865049133084,28.784697385213764
750,450,40,3541.531391794527,31.54548073301308
750,450,45,3453.5637804643598,34.122620278262325
750,450,50,3305.1147000233063,36.511297694182005
750,450,55,3096.0526905674888,38.69940760997658
750,450,60,2825.8969368633543,40.669246340126584
750,450,65,2494.2769691530902,42.398891994855575
750,450,70,2101.4554661656525,43.863597157477564
750,450,75,1649.0457910138891,45.03750591713828
750,450,80,1141.123524363056,45.89601978875546
1000,100,10,313.89733560097807,3.4447650860330308
1000,100,15,438.9471897115038,5.071660994300438
1000,100,20,542.720915805342,6.627393522891349
1000,100,25,625.3999202620544,8.107409916149646
1000,100,30,687.2243719316109,9.507587821440309
1000,100,35,728.4653672892388,10.823948657409916
1000,100,40,749.422517777581,12.052433273242826
1000,100,45,750.4389598019138,13.188738400391301
1000,100,50,731.929719682363,14.228211881216914
1000,100,55,694.4220776896386,15.165805245658149
1000,100,60,638.6084794436945,15.996084238447244
1000,100,65,565.4138960978443,16.713301327178804
1000,100,70,476.08045755577814,17.31153856618789
1000,100,75,372.2727554389708,17.784933492864475
1000,100,80,256.20794232301023,18.12800323408418
1000,125,10,465.3690504733271,4.24437923025331
1000,125,15,638.618442378006,6.212404257772679
1000,125,20,777.7180746695647,8.07736040515507
1000,125,25,885.3645162770481,9.839229929929592
1000,125,30,963.5112138036393,11.4976027183212
1000,125,35,1013.5865004963205,13.051377267971562
1000,125,40,1036.6578137184433,14.498560672556264
1000,125,45,1033.5617482874297,15.836150143364865
1000,125,50,1005.0145805887115,17.06008474217004
1000,125,55,951.7151054552505,18.165260909985452
1000,125,60,874.4504152166973,19.145611922164726
1000,125,65,774.2152438224059,19.99426005830589
1000,125,70,652.3564486141893,20.70376041252566
1000,125,75,510.7559561565174,21.266465218697114
1000,125,80,352.0685286616572,21.675043149661526
1000,150,10,631.6822266929072,5.008631533875499
1000,150,15,850.5284546683495,7.284676340088229
1000,150,20,1020.7908250583964,9.42211316012081
1000,150,25,1149.0468802370608,11.42829240615743
1000,150,30,1239.581861045063,13.308282378735578
1000,150,35,1295.2421196561315,15.064919979574485
1000,150,40,1317.9509103048238,16.698882138420384
1000,150,45,1309.0425297560175,18.20878109322753
1000,150,50,1269.497393378477,19.59128674722836
1000,150,55,1200.1262711451743,20.84128031948067
1000,150,60,1101.735682553873,21.95205005526229
1000,150,65,975.2996522270354,22.915551130400598
1000,150,70,822.161872256691,23.722766572338372
1000,150,75,644.2951855596601,24.364221518744227
1000,150,80,444.65222835368843,24.830712132110722
1000,175,10,806.6595390891845,5.735075698152932
1000,175,15,1066.4346523390527,8.286855959408408
1000,175,20,1262.846506874229,10.66290917090182
1000,175,25,1407.2890359372016,12.880303043309768
1000,175,30,1506.6486225462293,14.950753365446605
1000,175,35,1565.2206876767868,16.88155881652231
1000,175,40,1585.735822066916,18.67624263342476
1000,175,45,1569.9575621059018,20.335034208593314
1000,175,50,1519.0629728411532,21.855262570965454
1000,175,55,1433.913583906466,23.23170547972031
1000,175,60,1315.2789515212785,24.45693225731753
1000,175,65,1164.0560767712702,25.52168594744105
1000,175,70,981.5226729453037,26.415365884908397
1000,175,75,769.6660755541953,27.12669110440429
1000,175,80,531.6416406192106,27.644637040541518
1000,200,10,985.4195170978334,6.422724414174453
1000,200,15,1280.6958301087564,9.2201790361373
1000,200,20,1498.407955279399,11.80496715822296
1000,200,25,1655.1977531892899,14.205518692793461
1000,200,30,1760.535329920123,16.440771143951814
1000,200,35,1820.050440511521,18.522578830582017
1000,200,40,1837.1650920314828,20.457202500968986
1000,200,45,1813.97798183414,22.246314679936397
1000,200,50,1751.792232887585,23.887732781336332
1000,200,55,1651.4687633250223,25.375996422798888
1000,200,60,1513.7022651290677,26.702871226635313
1000,200,65,1339.2819102676608,27.857856671085045
1000,200,70,1129.3884579144883,28.82878738753043
1000,200,75,885.9840748775931,29.602638254264097
1000,200,80,612.3690989469601,30.166657970073356
1000,225,10,1164.3409853071523,7.071753919430128
1000,225,15,1489.749526083515,10.087768128133098
1000,225,20,1724.5312564493308,12.855627990900873
1000,225,25,1890.586127736096,15.416053857392885
1000,225,30,1999.7721250777042,17.795305389779084
1000,225,35,2058.8720423891855,20.009604360141214
1000,225,40,2071.864858181201,22.067686250512264
1000,225,45,2041.0916186643185,23.972418429786195
1000,225,50,1967.9199918124225,25.72190852170877
1000,225,55,1853.171135444975,27.310321797118725
1000,225,60,1697.4410241941323,28.72854732006666
1000,225,65,1501.3963202256243,29.964828001364232
1000,225,70,1266.108930029134,31.005473940780355
1000,225,75,993.4988735285053,31.83579900060392
1000,225,80,686.9791759651115,32.441436423389476
1000,250,10,1340.8823182933986,7.683195191776943
1000,250,15,1691.5380985810266,10.893827413184486
1000,250,20,1939.8984878058968,13.823058339945307
1000,250,25,2112.8457491610693,16.524221183053914
1000,250,30,2224.345341601644,19.030674364663795
1000,250,35,2282.136937899711,21.362663422196874
1000,250,40,2290.6291394568952,23.53107360789335
1000,250,45,2252.3248984268084,25.539705294783218
1000,250,50,2168.6071154541846,27.386767400338105
1000,250,55,2040.2287682536733,29.065932365392946
1000,250,60,1867.6727989465396,30.56715851611256
1000,250,65,1651.477979325198,31.877435282558853
1000,250,70,1392.6057975378442,32.981600514174346
1000,250,75,1092.929802133083,33.863397790539096
1000,250,80,755.9590780289609,34.50695835205154
1000,275,10,1513.3558457039674,8.258655411129297
1000,275,15,1885.0241550435333,11.64305136408965
1000,275,20,2144.1713738490903,14.715441668948907
1000,275,25,2322.2261299695087,17.54164259739899
1000,275,30,2434.9589965050186,20.161694729316576
1000,275,35,2490.882491928969,22.599457003258973
1000,275,40,2494.7247457602953,24.867631808775087
1000,275,45,2449.0851117044667,26.970707674852527
1000,275,50,2355.323782065918,28.90683017495702
1000,275,55,2214.105412374267,30.669083552709417
1000,275,60,2025.7917031369868,32.24645938401359
1000,275,65,1790.793156521073,33.624708553108576
1000,275,70,1509.9643651201327,34.787254365970625
1000,275,75,1185.1345652010862,35.71636037689943
1000,275,80,819.9013705056663,36.39476353329956
1000,300,10,1680.7135647562293,8.800090226966008
1000,300,15,2069.8288964446147,12.3402289301796
1000,300,20,2337.5686368206843,15.54052791639278
1000,300,25,2519.4050013304236,18.478851650510368
1000,300,30,2632.6244471358154,21.201409521111174
1000,300,35,2686.35148533286,23.73525175686235
1000,300,40,2685.542967340645,26.094585805062028
1000,300,45,2632.842976179407,28.284372906307603
1000,300,50,2529.560375420358,30.302558582397946
1000,300,55,2376.257373213506,32.14156575035096
1000,300,60,2173.169992083575,33.78939834516115
1000,300,65,1920.5825632802573,35.23059149670848
1000,300,70,1619.2484646506025,36.447212769882206
1000,300,75,1270.957739474531,37.42013123284584
1000,300,80,879.3940430104686,38.13078801920092
1000,325,10,1842.367772100826,9.309630701264458
1000,325,15,2245.9804099744642,12.990000167349256
1000,325,20,2520.6034924467126,16.3054183020173
1000,325,25,2705.243389872172,19.345177642340815
1000,325,30,2818.442699718688,22.161110454988695
1000,325,35,2869.8026674730086,24.783054889002532
1000,325,40,2864.435825075317,27.226444072644252
1000,325,45,2804.9908633285922,29.496528706797303
1000,325,50,2692.70390508364,31.590943951068123
1000,325,55,2528.024835636949,33.50139733983872
1000,325,60,2311.061832695743,35.21489594836477
1000,325,65,2041.9762153495037,36.714786674288675
1000,325,70,1721.426430522508,37.98183867269951
1000,325,75,1351.1694940011414,38.995605448157214
1000,325,80,934.9752670048335,39.73632054948344
1000,350,10,1998.0514435085427,9.789459496249307
1000,350,15,2413.7459912431827,13.596720795539897
1000,350,20,2693.926359338004,17.01649197921879
1000,350,25,2880.6513260094925,20.148776829154816
1000,350,30,2993.4946821422545,23.050491256969508
1000,350,35,3042.4231175229083,25.75389148567923
1000,350,40,3032.646856238195,28.275392881264793
1000,350,45,2966.7882609518538,30.620382788016265
1000,350,50,2845.9947243802494,32.786098624159095
1000,350,55,2670.5968962213665,34.76349395293189
1000,350,60,2440.5742707306035,36.538578388726904
1000,350,65,2155.968606396743,38.09354060474189
1000,350,70,1817.3495265736944,39.407905817870336
1000,350,75,1426.4472411478337,40.4599837062235
1000,350,80,987.1192615406673,41.22887844707156
1000,375,10,2147.7144491289905,10.241727150124
1000,375,15,2573.523794707445,14.164398115719587
1000,375,20,2858.233534869594,17.679412034332586
1000,375,25,3046.5175890557107,20.896731481879332
1000,375,30,3158.790288531878,23.877845500537255
1000,375,35,3205.293292631003,26.657097510787924
1000,375,40,3191.288763759912,29.251676325001768
1000,375,45,3119.3489311293774,31.66697998859103
1000,375,50,2990.5204972564043,33.89977988288687
1000,375,55,2805.0100195625373,35.94024917722361
1000,375,60,2562.6682187304546,37.77340559058069
1000,375,65,2263.4206412230124,39.38031053408445
1000,375,70,1907.7536614428757,40.73929624785697
1000,375,75,1497.3764839159128,41.827493270244716
1000,375,80,1036.2362264228382,42.62294540742387
1000,400,10,2291.448780492433,10.6684988756887
1000,400,15,2725.774525794575,14.69667149084747
1000,400,20,3014.2160883477627,18.299171920330014
1000,400,25,3203.675674777595,21.59517318898748
1000,400,30,3315.2486267529644,24.650266511488343
1000,400,35,3359.378474887033,27.50059086867461
1000,400,40,3341.343297073776,30.16393109786837
1000,400,45,3263.6468573352736,32.64559289236786
1000,400,50,3127.226190540622,34.941828815885906
1000,400,55,2932.1603320865015,37.0420146207482
1000,400,60,2678.1715349288497,38.930185989218444
1000,400,65,2365.072190951028,40.58630798305041
1000,400,70,1993.270335695463,41.987567107829115
1000,400,75,1564.459348084851,43.109972872745836
1000,400,80,1082.6780034321926,43.930569505341204
1000,425,10,2429.435886507979,11.071723485253226
1000,425,15,2870.9794221585007,15.196819069888852
1000,425,20,3162.532803538909,18.880159382020228
1000,425,25,3352.8898205502887,22.249407930255604
1000,425,30,3463.694314966313,25.37383066492266
1000,425,35,3505.5327848526294,28.291107362598478
1000,425,40,3483.670857602187,31.01946889879057
1000,425,45,3400.5296852880206,33.564044668279216
1000,425,50,3256.929867653312,35.920528087728
1000,425,55,3052.820481101027,38.077487651420576
1000,425,60,2787.7958010601074,40.017989763530835
1000,425,65,2461.5577566719567,41.720933365680885
1000,425,70,2074.440273150162,43.16240279519804
1000,425,75,1628.1254086652273,44.31733867746005
1000,425,80,1126.745526665734,45.16183926722883
1000,450,10,2561.9102424110315,11.453217725328848
1000,450,15,3009.615181342849,15.667778818539416
1000,450,20,3303.7972602209516,19.42622501690261
1000,450,25,3494.851836349648,22.864032350247427
1000,450,30,3604.861607213312,26.053757547223956
1000,450,35,3644.508594266362,29.034399762872646
1000,450,40,3619.0236063410744,31.82450944618493
1000,450,45,3530.7342373886577,34.42897151968216
1000,450,50,3380.339528206805,36.8428898466797
1000,450,55,3167.656852497238,39.05402126780514
1000,450,60,2892.153057986809,41.04447754831535
1000,450,65,2553.4219232496825,42.79212067486875
1000,450,70,2151.726848264872,44.271972885554
1000,450,75,1688.742419210864,45.45795274072143
1000,450,80,1168.6962961444065,46.325259893836815
