altitude,velocity,angle,range,time
0,100,10,309.7563923611275,3.429999999999971
0,100,15,430.9857353349557,5.039999999999937
0,100,20,531.0443663205547,6.579999999999904
0,100,25,610.0196755373297,8.039999999999873
0,100,30,669.24653753085,9.429999999999843
0,100,35,707.5825981378015,10.719999999999816
0,100,40,727.3230493912827,11.93999999999979
0,100,45,727.4742050600203,13.059999999999766
0,100,50,708.7707940658547,14.079999999999744
0,100,55,671.9591153248293,14.999999999999725
0,100,60,617.8452515868762,15.819999999999707
0,100,65,547.0895799417704,16.529999999999784
0,100,70,460.72555928717907,17.119999999999877
0,100,75,360.427291012971,17.58999999999995
0,100,80,248.1715828928044,17.930000000000003
0,125,10,456.8359153653512,4.2199999999999545
0,125,15,622.844470351154,6.159999999999913
0,125,20,755.3375860826757,7.999999999999874
0,125,25,857.3367801336864,9.739999999999837
0,125,30,930.3737288853557,11.369999999999802
0,125,35,976.210320539191,12.88999999999977
0,125,40,996.7090139076045,14.30999999999974
0,125,45,992.323651222987,15.619999999999711
0,125,50,963.9667288096965,16.81999999999983
0,125,55,912.4649626405244,17.91
0,125,60,838.0019674746404,18.87000000000015
0,125,65,741.7674722582301,19.70000000000028
0,125,70,625.147038372326,20.40000000000039
0,125,75,489.5369743586202,20.950000000000475
0,125,80,337.67032553874964,21.36000000000054
0,150,10,616.5719666680081,4.9699999999999385
0,150,15,824.4289292781491,7.209999999999891
0,150,20,984.6053726802257,9.309999999999846
0,150,25,1104.3255216805012,11.279999999999804
0,150,30,1187.7142326454534,13.119999999999765
0,150,35,1237.6331796707075,14.829999999999728
0,150,40,1257.1911596881666,16.42999999999977
0,150,45,1246.6592093613185,17.9
0,150,50,1208.102355135065,19.26000000000021
0,150,55,1141.147667976251,20.480000000000402
0,150,60,1046.897468383675,21.56000000000057
0,150,65,926.7576410917081,22.51000000000072
0,150,70,781.244192138803,23.300000000000843
0,150,75,612.3816371163532,23.93000000000094
0,150,80,422.686582989031,24.38000000000101
0,175,10,783.0705629363741,5.679999999999923
0,175,15,1027.1074512789762,8.17999999999987
0,175,20,1210.334766179336,10.50999999999982
0,175,25,1342.974797769751,12.669999999999774
0,175,30,1433.4808527584587,14.689999999999731
0,175,35,1485.5645703470966,16.56999999999979
0,175,40,1502.3083911149845,18.320000000000064
0,175,45,1485.3668013727024,19.940000000000317
0,175,50,1435.533468951047,21.42000000000055
0,175,55,1353.8851036714354,22.76000000000076
0,175,60,1241.0342032925132,23.950000000000944
0,175,65,1098.0480421490993,24.990000000001107
0,175,70,925.9572682249229,25.870000000001244
0,175,75,726.097789964892,26.560000000001352
0,175,80,501.722514191603,27.070000000001432
0,200,10,951.776760956751,6.349999999999909
0,200,15,1227.5063723986407,9.08999999999985
0,200,20,1428.1300393072484,11.609999999999797
0,200,25,1570.6637861630745,13.939999999999747
0,200,30,1665.9669188043706,16.11999999999972
0,200,35,1717.9399651069423,18.140000000000036
0,200,40,1730.8087448871147,20.02000000000033
0,200,45,1705.996735248024,21.7500000000006
0,200,50,1645.7820604625929,23.35000000000085
0,200,55,1550.2512022937078,24.800000000001077
0,200,60,1420.0003907895746,26.09000000000128
0,200,65,1255.7734968561317,27.210000000001454
0,200,70,1058.8803820232017,28.160000000001602
0,200,75,830.6289485067041,28.91000000000172
0,200,80,574.2165414571629,29.460000000001806
0,225,10,1119.3288680350481,6.979999999999896
0,225,15,1420.2961513748396,9.919999999999833
0,225,20,1635.0016952815863,12.609999999999776
0,225,25,1785.6683665660662,15.099999999999723
0,225,30,1882.555848591406,17.39999999999992
0,225,35,1933.8161171959925,19.550000000000257
0,225,40,1942.069946728206,21.540000000000568
0,225,45,1910.4709397034494,23.390000000000857
0,225,50,1839.4738891928353,25.08000000000112
0,225,55,1730.5447553495437,26.62000000000136
0,225,60,1584.1095988207082,28.000000000001577
0,225,65,1400.4736118985763,29.200000000001765
0,225,70,1180.6748281666828,30.210000000001923
0,225,75,926.4493907220117,31.02000000000205
0,225,80,640.6942694875545,31.61000000000214
0,250,10,1283.3402881727316,7.569999999999883
0,250,15,1605.3540906502838,10.689999999999817
0,250,20,1831.0628079204018,13.529999999999756
0,250,25,1986.8907647612875,16.149999999999725
0,250,30,2085.171443481273,18.570000000000103
0,250,35,2134.586247620017,20.830000000000457
0,250,40,2138.078073400119,22.920000000000783
0,250,45,2099.374743130705,24.870000000001088
0,250,50,2018.4913535116937,26.650000000001366
0,250,55,1897.230198394054,28.28000000000162
0,250,60,1735.299765424167,29.730000000001848
0,250,65,1533.583815689655,31.000000000002046
0,250,70,1292.7407106598348,32.07000000000219
0,250,75,1014.4817803604341,32.93000000000202
0,250,80,701.6748965129017,33.550000000001894
0,275,10,1442.177846452647,8.119999999999871
0,275,15,1782.4837365694302,11.409999999999801
0,275,20,2016.4242470869729,14.379999999999738
0,275,25,2175.4716759469998,17.109999999999875
0,275,30,2274.4314531752634,19.64000000000027
0,275,35,2321.069520372578,21.990000000000638
0,275,40,2320.2540265008065,24.18000000000098
0,275,45,2274.1883064835492,26.210000000001298
0,275,50,2184.263750584026,28.08000000000159
0,275,55,2051.020268906032,29.780000000001856
0,275,60,1875.135964242593,31.310000000002095
0,275,65,1656.500205181955,32.640000000002075
0,275,70,1396.2420546634792,33.77000000000185
0,275,75,1095.6481063515769,34.67000000000167
0,275,80,757.9953536266753,35.33000000000154
0,300,10,1595.9981196822657,8.63999999999986
0,300,15,1950.0668269620376,12.069999999999787
0,300,20,2190.8527910886783,15.159999999999721
0,300,25,2352.21837343051,17.990000000000013
0,300,30,2451.285836555067,20.620000000000424
0,300,35,2495.424829544376,23.060000000000805
0,300,40,2489.726721439963,25.33000000000116
0,300,45,2436.930719314472,27.44000000000149
0,300,50,2338.32255317565,29.390000000001795
0,300,55,2194.0191159989968,31.16000000000207
0,300,60,2004.9439079737822,32.76000000000205
0,300,65,1770.6341870863591,34.150000000001775
0,300,70,1492.0040721906423,35.32000000000154
0,300,75,1170.7504625518118,36.260000000001355
0,300,80,810.0106771967635,36.95000000000122
0,325,10,1742.9024137610472,9.11999999999985
0,325,15,2108.8304405072204,12.679999999999774
0,325,20,2355.233428948198,15.879999999999706
0,325,25,2518.830610741648,18.81000000000014
0,325,30,2616.828726605971,21.520000000000564
0,325,35,2658.2506804703926,24.04000000000096
0,325,40,2648.141381188908,26.390000000001326
0,325,45,2589.163900581618,28.580000000001668
0,325,50,2482.168084744963,30.600000000001984
0,325,55,2327.6099595463184,32.440000000002115
0,325,60,2125.753049303774,34.09000000000179
0,325,65,1876.8976888049033,35.5400000000015
0,325,70,1581.351629050937,36.760000000001256
0,325,75,1240.8204277133989,37.74000000000106
0,325,80,858.4447186298524,38.45000000000092
0,350,10,1884.950403183119,9.57999999999984
0,350,15,2259.706713061282,13.249999999999762
0,350,20,2510.5855136718724,16.549999999999788
0,350,25,2674.995928064236,19.560000000000258
0,350,30,2772.1933181266472,22.350000000000694
0,350,35,2811.2170011992894,24.9500000000011
0,350,40,2796.6364928300527,27.37000000000148
0,350,45,2731.6053263586555,29.630000000001832
0,350,50,2616.5486657208426,31.710000000002157
0,350,55,2452.5146047895664,33.62000000000188
0,350,60,2238.7770857257997,35.32000000000154
0,350,65,1976.149513131224,36.820000000001244
0,350,70,1664.825223884229,38.09000000000099
0,350,75,1306.1627277158427,39.10000000000079
0,350,80,903.6936632931638,39.84000000000064
0,375,10,2020.700665178125,10.009999999999831
0,375,15,2403.7333594576753,13.78999999999975
0,375,20,2657.189444337219,17.169999999999884
0,375,25,2822.5180349114576,20.260000000000367
0,375,30,2918.495162207535,23.120000000000815
0,375,35,2954.9151242061266,25.790000000001232
0,375,40,2936.7230940615823,28.290000000001623
0,375,45,2865.692589677216,30.610000000001985
0,375,50,2743.1392711163758,32.75000000000205
0,375,55,2569.692772942933,34.71000000000166
0,375,60,2345.3492526272385,36.48000000000131
0,375,65,2069.56433810313,38.020000000001005
0,375,70,1743.2447484097625,39.330000000000744
0,375,75,1367.6736200290147,40.380000000000535
0,375,80,946.2017198428543,41.140000000000384
0,400,10,2150.075208941673,10.409999999999823
0,400,15,2540.0967635652637,14.28999999999974
0,400,20,2796.1553937183803,17.749999999999975
0,400,25,2961.812412522577,20.91000000000047
0,400,30,3057.3660303561687,23.85000000000093
0,400,35,3090.888833649434,26.580000000001355
0,400,40,3068.543497378012,29.140000000001756
0,400,45,2992.0196264933384,31.520000000002128
0,400,50,2862.519684985957,33.72000000000186
0,400,55,2680.54857061219,35.74000000000146
0,400,60,2445.5333718230886,37.5500000000011
0,400,65,2157.6229036706754,39.14000000000078
0,400,70,1817.1898264334488,40.490000000000514
0,400,75,1425.5636952809407,41.5700000000003
0,400,80,986.2853849305621,42.36000000000014
0,425,10,2274.289363559329,10.789999999999814
0,425,15,2669.9495466172375,14.75999999999973
0,425,20,2927.801272543318,18.29000000000006
0,425,25,3093.9426977505045,21.520000000000564
0,425,30,3188.1269434330525,24.520000000001033
0,425,35,3219.62025216724,27.32000000000147
0,425,40,3193.0621424981236,29.93000000000188
0,425,45,3111.4890126296964,32.37000000000213
0,425,50,2975.5265343244555,34.63000000000168
0,425,55,2785.3066695331977,36.70000000000127
0,425,60,2540.4966279294395,38.5600000000009
0,425,65,2241.124763681708,40.20000000000057
0,425,70,1887.1788847172747,41.5800000000003
0,425,75,1480.3640870318684,42.690000000000076
0,425,80,1024.1513204920982,43.499999999999915
0,450,10,2393.39036716837,11.149999999999807
0,450,15,2793.5034473033634,15.19999999999972
0,450,20,3053.2089272402686,18.80000000000014
0,450,25,3219.9181746481117,22.100000000000655
0,450,30,3312.328273689062,25.150000000001132
0,450,35,3341.562129315897,28.01000000000158
0,450,40,3311.560530931701,30.680000000001996
0,450,45,3225.2633824669324,33.18000000000197
0,450,50,3082.9167572525025,35.49000000000151
0,450,55,2884.928794636187,37.61000000000109
0,450,60,2630.8529400412986,39.52000000000071
0,450,65,2320.2550759202095,41.190000000000374
0,450,70,1953.6739397459585,42.61000000000009
0,450,75,1532.436417468865,43.749999999999865
0,450,80,1060.132139082479,44.5799999999997
250,100,10,310.4843777847395,3.429999999999971
250,100,15,433.1393655618196,5.049999999999937
250,100,20,533.8397817344578,6.589999999999904
250,100,25,614.0736594565184,8.059999999999873
250,100,30,673.7844614882973,9.449999999999843
250,100,35,713.0239120608521,10.749999999999815
250,100,40,732.4516054765487,11.95999999999979
250,100,45,733.1210487693661,13.089999999999765
250,100,50,714.6804510793784,14.119999999999743
250,100,55,677.5237062161669,15.039999999999724
250,100,60,623.2231567216044,15.869999999999706
250,100,65,551.7836953323372,16.579999999999792
250,100,70,464.61347109411963,17.169999999999884
250,100,75,363.4136751829173,17.639999999999958
250,100,80,250.1897872378298,17.98000000000001
250,125,10,458.3800042371315,4.2199999999999545
250,125,15,626.5144845947813,6.169999999999913
250,125,20,760.9712016905534,8.019999999999873
250,125,25,863.9857580065163,9.759999999999836
250,125,30,938.5053704074019,11.399999999999801
250,125,35,985.4893845600922,12.929999999999769
250,125,40,1006.7926159100386,14.359999999999738
250,125,45,1002.8550454408488,15.67999999999971
250,125,50,974.1678673032733,16.87999999999984
250,125,55,922.0806614134042,17.97000000000001
250,125,60,847.0991683390785,18.94000000000016
250,125,65,750.0121854148051,19.780000000000292
250,125,70,632.0067400656789,20.480000000000402
250,125,75,494.83238311917694,21.030000000000488
250,125,80,341.26997881075044,21.440000000000552
250,150,10,620.3709439897661,4.979999999999938
250,150,15,831.0428403999496,7.22999999999989
250,150,20,993.7527296042779,9.339999999999845
250,150,25,1114.8983846880278,11.309999999999803
250,150,30,1200.0984519291228,13.159999999999764
250,150,35,1251.9656475800405,14.889999999999727
250,150,40,1272.369405878349,16.49999999999978
250,150,45,1262.2174434353642,17.98000000000001
250,150,50,1223.1641608492462,19.340000000000224
250,150,55,1155.7191242562087,20.570000000000416
250,150,60,1060.5216061233373,21.660000000000586
250,150,65,938.7276731210658,22.610000000000735
250,150,70,791.2422460691889,23.40000000000086
250,150,75,620.3073748287266,24.04000000000096
250,150,80,428.2120489163576,24.50000000000103
250,175,10,788.4992177362774,5.689999999999923
250,175,15,1037.1643960778613,8.20999999999987
250,175,20,1223.4679343744158,10.54999999999982
250,175,25,1359.4045701034688,12.729999999999773
250,175,30,1451.8420137566286,14.75999999999973
250,175,35,1505.3144401507695,16.649999999999803
250,175,40,1522.9014272666386,18.41000000000008
250,175,45,1506.2498221004387,20.040000000000333
250,175,50,1456.1422974070865,21.530000000000566
250,175,55,1373.6581488003453,22.880000000000777
250,175,60,1259.4123007182613,24.080000000000965
250,175,65,1114.4896478582411,25.13000000000113
250,175,70,939.5043254540335,26.000000000001265
250,175,75,736.8042723242908,26.700000000001374
250,175,80,509.0554463277774,27.210000000001454
250,200,10,960.3142630419921,6.369999999999909
250,200,15,1240.381915805873,9.11999999999985
250,200,20,1445.5469100812154,11.659999999999796
250,200,25,1591.7204797238335,14.009999999999746
250,200,30,1689.1846108011712,16.199999999999733
250,200,35,1742.6692117468137,18.23000000000005
250,200,40,1756.9351011458643,20.130000000000347
250,200,45,1732.7472123092716,21.88000000000062
250,200,50,1671.5900912243085,23.48000000000087
250,200,55,1574.922709985985,24.9400000000011
250,200,60,1442.8749530059397,26.240000000001302
250,200,65,1276.2000016368277,27.37000000000148
250,200,70,1076.023058568186,28.320000000001627
250,200,75,844.160253571141,29.080000000001746
250,200,80,583.6192530709093,29.640000000001834
250,225,10,1130.073060426766,6.999999999999895
250,225,15,1437.180533356932,9.959999999999832
250,225,20,1656.8518237455744,12.669999999999774
250,225,25,1811.4542516638655,15.17999999999972
250,225,30,1911.3248173453135,17.499999999999936
250,225,35,1964.1215328717287,19.660000000000274
250,225,40,1973.7009045428224,21.670000000000588
250,225,45,1942.1386883592693,23.53000000000088
250,225,50,1870.8360295633254,25.240000000001146
250,225,55,1760.4120931244665,26.79000000000139
250,225,60,1611.7343980770816,28.180000000001606
250,225,65,1425.10389817102,29.390000000001795
250,225,70,1201.5789541989054,30.410000000001954
250,225,75,942.7803162668903,31.22000000000208
250,225,80,652.0376750525129,31.820000000002175
250,250,10,1296.4643078403362,7.589999999999883
250,250,15,1626.3838689179202,10.739999999999815
250,250,20,1857.409798546802,13.599999999999755
250,250,25,2017.4016631317158,16.23999999999974
250,250,30,2119.4498133095685,18.690000000000122
250,250,35,2170.3925618671756,20.960000000000477
250,250,40,2175.1220900659355,23.070000000000807
250,250,45,2136.316624381558,25.030000000001113
250,250,50,2054.896382417377,26.830000000001395
250,250,55,1931.8434657870127,28.47000000000165
250,250,60,1767.5615868816867,29.94000000000188
250,250,65,1562.3173256577704,31.22000000000208
250,250,70,1317.113053772415,32.30000000000214
250,250,75,1033.5499715029405,33.16000000000197
250,250,80,714.91606276784,33.79000000000185
250,275,10,1459.044692270803,8.14999999999987
250,275,15,1806.720835670612,11.4599999999998
250,275,20,2047.2663371940132,14.459999999999736
250,275,25,2211.3826922277676,17.219999999999892
250,275,30,2313.4813383112382,19.77000000000029
250,275,35,2362.2438666917697,22.14000000000066
250,275,40,2362.5769118354137,24.350000000001007
250,275,45,2316.6831819379013,26.400000000001327
250,275,50,2225.9454486733384,28.290000000001623
250,275,55,2090.5614191886316,30.00000000000189
250,275,60,1911.6172817367406,31.54000000000213
250,275,65,1689.2110107894139,32.890000000002026
250,275,70,1423.7906369505945,34.0200000000018
250,275,75,1117.3718010495215,34.93000000000162
250,275,80,772.9825112565388,35.59000000000149
250,300,10,1616.706612264628,8.67999999999986
250,300,15,1978.5125168475204,12.129999999999786
250,300,20,2226.13230958551,15.24999999999972
250,300,25,2392.6984242218105,18.11000000000003
250,300,30,2494.993280144198,20.760000000000446
250,300,35,2541.8242506133633,23.23000000000083
250,300,40,2537.166310736858,25.52000000000119
250,300,45,2484.382587748532,27.650000000001523
250,300,50,2384.740962231352,29.62000000000183
250,300,55,2238.3232778469,31.41000000000211
250,300,60,2045.5120704302437,33.010000000002
250,300,65,1806.9661114179114,34.42000000000172
250,300,70,1522.8072750633194,35.60000000000149
250,300,75,1195.0383310305147,36.5500000000013
250,300,80,826.7826886607447,37.24000000000116
250,325,10,1767.479944255719,9.169999999999849
250,325,15,2142.4402544624254,12.759999999999772
250,325,20,2394.868014877443,15.979999999999704
250,325,25,2563.7809157999563,18.94000000000016
250,325,30,2665.673001714571,21.68000000000059
250,325,35,2709.177250568155,24.220000000000987
250,325,40,2700.5329978425398,26.60000000000136
250,325,45,2641.0128630641284,28.800000000001702
250,325,50,2532.8181883059888,30.84000000000202
250,325,55,2375.9099294061375,32.70000000000206
250,325,60,2170.5238559112663,34.37000000000173
250,325,65,1916.7291983850423,35.83000000000144
250,325,70,1615.1241822212676,37.060000000001196
250,325,75,1267.45312292456,38.050000000001
250,325,80,876.9402718235381,38.770000000000856
250,350,10,1912.1765190283793,9.62999999999984
250,350,15,2297.423460595222,13.33999999999976
250,350,20,2554.4810591183573,16.659999999999805
250,350,25,2724.2836294062627,19.70000000000028
250,350,30,2825.415663826301,22.52000000000072
250,350,35,2867.052163377404,25.150000000001132
250,350,40,2853.8132162155707,27.600000000001515
250,350,45,2788.0970126878024,29.87000000000187
250,350,50,2671.963419893743,31.9800000000022
250,350,55,2504.970925666358,33.900000000001825
250,350,60,2287.3490927715848,35.62000000000148
250,350,65,2019.5650412477976,37.14000000000118
250,350,70,1701.4654683788463,38.41000000000093
250,350,75,1335.1861712791138,39.44000000000072
250,350,80,923.851180717819,40.19000000000057
250,375,10,2050.561196401725,10.05999999999983
250,375,15,2444.519737075068,13.879999999999749
250,375,20,2705.234238092076,17.289999999999903
250,375,25,2876.7059513149015,20.420000000000393
250,375,30,2976.5461848086456,23.310000000000844
250,375,35,3014.984458080296,26.000000000001265
250,375,40,2997.655958832476,28.52000000000166
250,375,45,2926.6714001352466,30.870000000002026
250,375,50,2802.497525133331,33.030000000002
250,375,55,2626.158289714382,35.010000000001604
250,375,60,2397.3646481268,36.79000000000125
250,375,65,2116.240884032134,38.36000000000094
250,375,70,1782.819141292507,39.680000000000675
250,375,75,1398.7612524586052,40.730000000000466
250,375,80,967.8795932691739,41.51000000000031
250,400,10,2183.767851073069,10.469999999999821
250,400,15,2584.842830277444,14.389999999999738
250,400,20,2848.2410352835477,17.879999999999995
250,400,25,3020.0779402930934,21.080000000000496
250,400,30,3118.9562189604835,24.04000000000096
250,400,35,3155.0647773540786,26.80000000000139
250,400,40,3133.9657761530975,29.390000000001795
250,400,45,3056.960466714492,31.79000000000217
250,400,50,2926.0137041282915,34.0200000000018
250,400,55,2740.897237991329,36.060000000001395
250,400,60,2501.339078607046,37.89000000000103
250,400,65,2207.452649815125,39.50000000000071
250,400,70,1859.4411779124391,40.86000000000044
250,400,75,1458.8888865025249,41.95000000000022
250,400,80,1009.4355756916644,42.750000000000064
250,425,10,2311.7696934262053,10.859999999999813
250,425,15,2717.6121026361175,14.859999999999728
250,425,20,2984.596574958335,18.440000000000083
250,425,25,3156.1663490902088,21.700000000000593
250,425,30,3254.2615781106847,24.730000000001066
250,425,35,3287.7735632054714,27.550000000001507
250,425,40,3262.8187967228005,30.20000000000192
250,425,45,3180.6243085682836,32.66000000000207
250,425,50,3043.020242934955,34.950000000001616
250,425,55,2849.4073915148397,37.0400000000012
250,425,60,2599.7430584313825,38.920000000000826
250,425,65,2293.826087115674,40.5700000000005
250,425,70,1932.023256177173,41.97000000000022
250,425,75,1515.7383131779845,43.089999999999996
250,425,80,1048.726633913884,43.90999999999983
250,450,10,2433.387957856399,11.219999999999805
250,450,15,2844.9508397241298,15.309999999999718
250,450,20,3113.0402532876064,18.950000000000163
250,450,25,3285.3413412322034,22.280000000000683
250,450,30,3382.3122064366794,25.370000000001166
250,450,35,3414.037160873207,28.260000000001618
250,450,40,3385.111287188914,30.96000000000204
250,450,45,3298.1167378753257,33.48000000000191
250,450,50,3153.9849009370905,35.82000000000144
250,450,55,2952.411223543437,37.96000000000102
250,450,60,2693.2217135518463,39.89000000000063
250,450,65,2375.921545862563,41.5800000000003
250,450,70,2001.0337767120677,43.02000000000001
250,450,75,1569.7993420056544,44.16999999999978
250,450,80,1086.0910370867564,45.009999999999614
500,100,10,311.19554608841037,3.429999999999971
500,100,15,434.5032861398392,5.049999999999937
500,100,20,536.6049986266877,6.599999999999904
500,100,25,617.4480649454798,8.069999999999872
500,100,30,678.2870662227331,9.469999999999843
500,100,35,717.8871830028603,10.769999999999815
500,100,40,738.035255001367,11.989999999999789
500,100,45,738.7304587348294,13.119999999999765
500,100,50,720.1534872752466,14.149999999999743
500,100,55,683.05671234327,15.079999999999723
500,100,60,628.2630855519154,15.909999999999705
500,100,65,556.1880516594742,16.6199999999998
500,100,70,468.4796356586403,17.219999999999892
500,100,75,366.38197210055125,17.689999999999966
500,100,80,252.19495579858423,18.03000000000002
500,125,10,460.86167779505905,4.229999999999954
500,125,15,631.0170305648684,6.1899999999999125
500,125,20,766.5701795568942,8.039999999999873
500,125,25,871.301039725869,9.789999999999836
500,125,30,946.600769336712,11.4299999999998
500,125,35,994.7409297215546,12.969999999999768
500,125,40,1016.327967135055,14.399999999999737
500,125,45,1012.8988020885737,15.729999999999709
500,125,50,984.3537494416055,16.93999999999985
500,125,55,932.0540727770339,18.04000000000002
500,125,60,856.183860620208,19.010000000000172
500,125,65,757.9718959895255,19.850000000000303
500,125,70,638.6301123369029,20.550000000000413
500,125,75,500.11772813481116,21.1100000000005
500,125,80,344.8611973061556,21.520000000000564
500,150,10,624.1376601607261,4.989999999999938
500,150,15,837.6237436057418,7.24999999999989
500,150,20,1002.0437602015315,9.359999999999845
500,150,25,1126.181312115339,11.349999999999802
500,150,30,1213.130961885255,13.209999999999763
500,150,35,1266.3087042982788,14.949999999999726
500,150,40,1287.0292069722593,16.55999999999979
500,150,45,1277.8063297755446,18.060000000000024
500,150,50,1238.2497635711031,19.420000000000236
500,150,55,1170.3191927273601,20.66000000000043
500,150,60,1074.176431577009,21.760000000000602
500,150,65,950.7190269508243,22.71000000000075
500,150,70,801.481016662064,23.510000000000876
500,150,75,628.2451098045378,24.150000000000976
500,150,80,433.6277861246069,24.610000000001047
500,175,10,793.8836883069636,5.699999999999923
500,175,15,1046.2255647359625,8.229999999999869
500,175,20,1235.7429911404013,10.579999999999819
500,175,25,1375.1140408758954,12.779999999999772
500,175,30,1469.5834933108288,14.819999999999729
500,175,35,1525.1363389737414,16.729999999999816
500,175,40,1543.5797612753488,18.500000000000092
500,175,45,1526.7464717323044,20.130000000000347
500,175,50,1476.424337968787,21.63000000000058
500,175,55,1393.1567465983378,22.990000000000794
500,175,60,1277.5621316924385,24.200000000000983
500,175,65,1130.7445045570796,25.26000000000115
500,175,70,953.3341295281518,26.140000000001287
500,175,75,747.5582424758161,26.840000000001396
500,175,80,516.5353728360874,27.360000000001477
500,200,10,967.6317603092306,6.379999999999908
500,200,15,1253.2449853947824,9.14999999999985
500,200,20,1462.132975679925,11.699999999999795
500,200,25,1612.1025847292512,14.069999999999744
500,200,30,1712.5141460913949,16.279999999999745
500,200,35,1768.1304421526181,18.330000000000066
500,200,40,1782.6966175389364,20.230000000000363
500,200,45,1759.218919767445,22.00000000000064
500,200,50,1697.9952375857445,23.620000000000893
500,200,55,1599.7704290709823,25.08000000000112
500,200,60,1465.9155950965066,26.390000000001326
500,200,65,1296.7762148581237,27.530000000001504
500,200,70,1093.5021075915631,28.490000000001654
500,200,75,857.7858187844987,29.250000000001773
500,200,80,592.9735557388414,29.81000000000186
500,225,10,1140.78883470302,7.019999999999895
500,225,15,1454.092407971382,9.999999999999831
500,225,20,1678.7918095211278,12.729999999999773
500,225,25,1836.6313167197834,15.24999999999972
500,225,30,1940.2970826043852,17.59999999999995
500,225,35,1995.244588330206,19.780000000000292
500,225,40,2005.596521672518,21.80000000000061
500,225,45,1974.5412647377505,23.680000000000902
500,225,50,1902.4880275033502,25.40000000000117
500,225,55,1790.5595352055907,26.960000000001415
500,225,60,1639.6207286489853,28.360000000001634
500,225,65,1449.9684760589348,29.580000000001824
500,225,70,1222.6820956483514,30.610000000001985
500,225,75,959.4220839995869,31.430000000002114
500,225,80,663.3749574706039,32.0200000000022
500,250,10,1310.8127782147467,7.619999999999882
500,250,15,1647.492788162012,10.789999999999814
500,250,20,1883.9103661444335,13.669999999999753
500,250,25,2048.1354971123637,16.329999999999753
500,250,30,2153.377259615892,18.80000000000014
500,250,35,2206.532710499451,21.090000000000497
500,250,40,2212.5384719641647,23.22000000000083
500,250,45,2174.0879468033295,25.20000000000114
500,250,50,2092.0896020120763,27.020000000001424
500,250,55,1967.1791911555488,28.670000000001682
500,250,60,1800.1902517422754,30.150000000001913
500,250,65,1591.3787690110532,31.440000000002115
500,250,70,1341.5620871489627,32.5200000000021
500,250,75,1052.8302434279203,33.390000000001926
500,250,80,728.3042423484245,34.0300000000018
500,275,10,1475.932306072671,8.17999999999987
500,275,15,1832.088942173529,11.519999999999799
500,275,20,2078.334610181061,14.539999999999734
500,275,25,2246.881731371066,17.319999999999908
500,275,30,2352.9262232404267,19.90000000000031
500,275,35,2403.866270133351,22.290000000000685
500,275,40,2405.3876825066586,24.520000000001033
500,275,45,2359.69129781901,26.590000000001357
500,275,50,2267.7691472898814,28.490000000001654
500,275,55,2130.6041682202526,30.220000000001924
500,275,60,1948.5649851657383,31.770000000002167
500,275,65,1722.1117462227496,33.13000000000198
500,275,70,1451.693505445565,34.27000000000175
500,275,75,1139.3746176076359,35.19000000000157
500,275,80,788.2599902589322,35.860000000001435
500,300,10,1636.2242155163472,8.709999999999859
500,300,15,2008.1527795828783,12.199999999999784
500,300,20,2261.7173942861864,15.339999999999717
500,300,25,2433.5960647949055,18.23000000000005
500,300,30,2539.1894985297668,20.900000000000468
500,300,35,2588.2383048310726,23.390000000000857
500,300,40,2585.2147005977376,25.71000000000122
500,300,45,2532.4678482443196,27.860000000001556
500,300,50,2431.431001349286,29.840000000001865
500,300,55,2282.9366524730017,31.650000000002148
500,300,60,2086.9241604566237,33.27000000000195
500,300,65,1843.5909241754032,34.68000000000167
500,300,70,1554.053906027776,35.88000000000143
500,300,75,1219.675749387126,36.84000000000124
500,300,80,843.8898627901099,37.5400000000011
500,325,10,1790.9278954771514,9.209999999999848
500,325,15,2175.325194199474,12.829999999999771
500,325,20,2435.7354391219883,16.089999999999716
500,325,25,2609.240954234363,19.07000000000018
500,325,30,2714.5058759901103,21.830000000000613
500,325,35,2761.314846630701,24.410000000001016
500,325,40,2753.1865008646564,26.80000000000139
500,325,45,2694.0121914960355,29.03000000000174
500,325,50,2584.5706471159124,31.09000000000206
500,325,55,2424.939692218401,32.96000000000201
500,325,60,2215.7231351175983,34.64000000000168
500,325,65,1957.1797387993581,36.12000000000138
500,325,70,1649.423281937046,37.360000000001136
500,325,75,1294.5013638332725,38.36000000000094
500,325,80,895.7241858290187,39.09000000000079
500,350,10,1939.5687034711498,9.679999999999838
500,350,15,2334.503764569879,13.419999999999758
500,350,20,2599.686963352995,16.779999999999824
500,350,25,2774.884024086915,19.850000000000303
500,350,30,2879.3489499938023,22.690000000000747
500,350,35,2923.1553719770955,25.34000000000116
500,350,40,2911.3911312866926,27.82000000000155
500,350,45,2845.8535860161337,30.12000000000191
500,350,50,2727.9170567427304,32.240000000002155
500,350,55,2558.275418740091,34.18000000000177
500,350,60,2336.7230218629916,35.92000000000142
500,350,65,2063.4975351399257,37.45000000000112
500,350,70,1738.8894467800897,38.74000000000086
500,350,75,1364.568161735733,39.77000000000066
500,350,80,944.2590668796687,40.530000000000506
500,375,10,2081.878379742425,10.119999999999829
500,375,15,2485.720586795897,13.969999999999747
500,375,20,2754.6693476544374,17.419999999999924
500,375,25,2930.9261541061073,20.570000000000416
500,375,30,3034.836443564295,23.490000000000872
500,375,35,3076.473275474145,26.2200000000013
500,375,40,3059.9865048780557,28.760000000001696
500,375,45,2988.6438066992714,31.130000000002067
500,375,50,2862.8496375264926,33.31000000000194
500,375,55,2683.8801789160416,35.32000000000154
500,375,60,2450.5268201461217,37.110000000001186
500,375,65,2163.542978591112,38.69000000000087
500,375,70,1822.9352993579255,40.02000000000061
500,375,75,1430.527896317097,41.090000000000394
500,375,80,989.8594308314945,41.87000000000024
500,400,10,2217.7348516880807,10.52999999999982
500,400,15,2630.0890187209934,14.489999999999736
500,400,20,2901.7986410783933,18.020000000000017
500,400,25,3079.1702530461653,21.250000000000522
500,400,30,3182.049488491365,24.24000000000099
500,400,35,3220.756233398483,27.030000000001426
500,400,40,3200.4675900031016,29.640000000001834
500,400,45,3123.3834921751004,32.07000000000219
500,400,50,2990.6276544671314,34.32000000000174
500,400,55,2802.3350864217346,36.38000000000133
500,400,60,2558.171943400844,38.23000000000096
500,400,65,2258.0170509067657,39.85000000000064
500,400,70,1902.487576728702,41.230000000000366
500,400,75,1492.843118151317,42.33000000000015
500,400,80,1032.9398088994885,43.12999999999999
500,425,10,2348.360898912194,10.919999999999812
500,425,15,2766.7995366399505,14.969999999999725
500,425,20,3041.3780772008176,18.580000000000105
500,425,25,3219.315939035708,21.88000000000062
500,425,30,3321.440562179372,24.9400000000011
500,425,35,3357.5393968290537,27.790000000001545
500,425,40,3333.358505122887,30.460000000001962
500,425,45,3250.993391261995,32.950000000002014
500,425,50,3111.4441241513646,35.260000000001554
500,425,55,2914.718822434265,37.38000000000113
500,425,60,2660.1304280022878,39.280000000000754
500,425,65,2347.7430973155483,40.95000000000042
500,425,70,1977.7511025698827,42.36000000000014
500,425,75,1551.812110135216,43.48999999999992
500,425,80,1073.7886782022824,44.31999999999975
500,450,10,2473.7794462046613,11.289999999999804
500,450,15,2897.0402110210734,15.419999999999716
500,450,20,3173.721572643937,19.100000000000186
500,450,25,3352.426988875369,22.470000000000713
500,450,30,3453.444424287067,25.5900000000012
500,450,35,3487.7594633736553,28.510000000001657
500,450,40,3459.98185748273,31.240000000002084
500,450,45,3372.6740751439715,33.79000000000185
500,450,50,3226.410696299101,36.15000000000138
500,450,55,3021.4752877305045,38.320000000000945
500,450,60,2757.0560128404036,40.27000000000056
500,450,65,2432.9009000638443,41.98000000000022
500,450,70,2049.3660001808516,43.42999999999993
500,450,75,1607.9328353982555,44.5899999999997
500,450,80,1112.5863601209562,45.43999999999953
750,100,10,312.7314892876648,3.4399999999999706
750,100,15,436.6125121111309,5.0599999999999365
750,100,20,539.3401205167618,6.6099999999999035
750,100,25,621.4397623697088,8.089999999999872
750,100,30,682.1510554046324,9.479999999999842
750,100,35,723.262264957649,10.799999999999814
750,100,40,743.583875746595,12.019999999999788
750,100,45,744.3018840275083,13.149999999999764
750,100,50,725.997259287727,14.189999999999742
750,100,55,688.5575277825193,15.119999999999722
750,100,60,633.2711122122995,15.949999999999704
750,100,65,560.831008345246,16.669999999999806
750,100,70,472.10451691036553,17.2599999999999
750,100,75,369.1642471560022,17.729999999999972
750,100,80,254.1869268848017,18.080000000000027
750,125,10,462.34865758374264,4.229999999999954
750,125,15,634.621711613017,6.199999999999912
750,125,20,771.3430955195794,8.049999999999873
750,125,25,877.8686682651839,9.809999999999835
750,125,30,954.6587425795564,11.4599999999998
750,125,35,1003.9634587805266,13.009999999999767
750,125,40,1026.3657073954,14.449999999999736
750,125,45,1022.9176869298215,15.779999999999708
750,125,50,994.5225256922574,16.999999999999858
750,125,55,941.6353300922119,18.10000000000003
750,125,60,864.9225828538147,19.07000000000018
750,125,65,765.915112065443,19.920000000000314
750,125,70,645.4661428930131,20.630000000000425
750,125,75,505.3920494391667,21.190000000000513
750,125,80,348.3233429454031,21.590000000000575
750,150,10,626.7951424246867,4.989999999999938
750,150,15,843.2262742050406,7.25999999999989
750,150,20,1011.1286092395894,9.389999999999844
750,150,25,1137.4474561262527,11.389999999999802
750,150,30,1226.1590488094691,13.259999999999762
750,150,35,1280.050465491344,14.999999999999725
750,150,40,1302.2402659622664,16.6299999999998
750,150,45,1292.9317490648057,18.130000000000035
750,150,50,1253.3560442683906,19.50000000000025
750,150,55,1184.944836653006,20.750000000000444
750,150,60,1087.5247858865491,21.850000000000616
750,150,65,962.7291195654545,22.810000000000766
750,150,70,811.5065118869096,23.61000000000089
750,150,75,636.0154895502052,24.25000000000099
750,150,80,439.04813557781455,24.720000000001065
750,175,10,800.3755133154366,5.7199999999999225
750,175,15,1056.2361168899215,8.259999999999868
750,175,20,1248.8591002821786,10.619999999999818
750,175,25,1390.0689901001194,12.819999999999771
750,175,30,1487.357499424529,14.879999999999727
750,175,35,1544.4135703980382,16.799999999999827
750,175,40,1563.7911356629743,18.580000000000105
750,175,45,1547.806719490987,20.230000000000363
750,175,50,1497.220930638501,21.7400000000006
750,175,55,1413.1191013340201,23.110000000000813
750,175,60,1296.1221786389967,24.330000000001004
750,175,65,1147.0733850219342,25.39000000000117
750,175,70,967.0001560282769,26.270000000001307
750,175,75,758.3573043387172,26.980000000001418
750,175,80,523.9277411591936,27.5000000000015
750,200,10,976.0999577569523,6.399999999999908
750,200,15,1266.0931371130864,9.179999999999849
750,200,20,1479.6090042075202,11.749999999999794
750,200,25,1632.5451388388474,14.129999999999743
750,200,30,1735.2664151732456,16.349999999999756
750,200,35,1793.1311346070324,18.42000000000008
750,200,40,1809.1447190774823,20.34000000000038
750,200,45,1785.8629763603433,22.12000000000066
750,200,50,1724.1661787585115,23.750000000000913
750,200,55,1625.1621971069717,25.230000000001144
750,200,60,1489.118084603811,26.54000000000135
750,200,65,1317.4982626398862,27.69000000000153
750,200,70,1111.1054693918356,28.66000000000168
750,200,75,871.6731385889883,29.4300000000018
750,200,80,602.5035640760799,29.99000000000189
750,225,10,1151.4742843481454,7.039999999999894
750,225,15,1471.0284876379535,10.03999999999983
750,225,20,1700.8176055373506,12.789999999999772
750,225,25,1862.7004107602193,15.329999999999718
750,225,30,1968.7895479918566,17.689999999999966
750,225,35,2026.0112488428595,19.89000000000031
750,225,40,2037.7522367120505,21.93000000000063
750,225,45,2006.7601291682847,23.820000000000924
750,225,50,1934.425524740635,25.560000000001196
750,225,55,1820.9828001337073,27.13000000000144
750,225,60,1667.7644840893877,28.540000000001662
750,225,65,1475.0635387859388,29.770000000001854
750,225,70,1243.7667637070538,30.800000000002015
750,225,75,976.0533870938522,31.630000000002145
750,225,80,674.9220454947977,32.23000000000216
750,250,10,1325.166699030687,7.649999999999881
750,250,15,1668.6769392694578,10.839999999999813
750,250,20,1910.5600479175864,13.739999999999752
750,250,25,2079.087654760712,16.419999999999767
750,250,30,2187.5838254374967,18.910000000000156
750,250,35,2243.002352349199,21.220000000000518
750,250,40,2250.3231327280023,23.370000000000854
750,250,45,2211.7957581242945,25.360000000001165
750,250,50,2129.288233005289,27.200000000001452
750,250,55,2002.556015767567,28.860000000001712
750,250,60,1832.8816543128387,30.350000000001945
750,250,65,1620.5116766398573,31.650000000002148
750,250,70,1366.4835491085612,32.75000000000205
750,250,75,1072.3200297094738,33.62000000000188
750,250,80,741.729242107302,34.26000000000175
750,275,10,1494.1152325319822,8.21999999999987
750,275,15,1857.5932535531779,11.579999999999798
750,275,20,2109.6244991463172,14.619999999999733
750,275,25,2283.4354736362266,17.429999999999925
750,275,30,2392.1040798251197,20.02000000000033
750,275,35,2445.9332415810386,22.44000000000071
750,275,40,2448.683210924472,24.69000000000106
750,275,45,2402.7646805073055,26.770000000001385
750,275,50,2310.0968251732074,28.690000000001685
750,275,55,2171.146023403387,30.44000000000196
750,275,60,1985.976572931843,32.0000000000022
750,275,65,1755.427201430148,33.37000000000193
750,275,70,1479.9483996671383,34.5200000000017
750,275,75,1161.654622857942,35.450000000001516
750,275,80,803.6253973266695,36.12000000000138
750,300,10,1657.0605800436879,8.749999999999858
750,300,15,2036.9649906159962,12.259999999999783
750,300,20,2298.471138917073,15.439999999999715
750,300,25,2474.907696078901,18.35000000000007
750,300,30,2584.5176963836216,21.05000000000049
750,300,35,2635.7607224658877,23.560000000000883
750,300,40,2633.375832266573,25.890000000001248
750,300,45,2580.7526398290574,28.060000000001587
750,300,50,2478.743862489412,30.0600000000019
750,300,55,2328.162928454796,31.890000000002185
750,300,60,2128.6394802174054,33.5200000000019
750,300,65,1880.9601607915447,34.950000000001616
750,300,70,1585.7429445729176,36.160000000001375
750,300,75,1244.5156192992984,37.120000000001184
750,300,80,861.1386428160911,37.83000000000104
750,325,10,1815.7558985528246,9.259999999999847
750,325,15,2208.4575805062245,12.89999999999977
750,325,20,2476.1612501773807,16.18999999999973
750,325,25,2655.207909052257,19.200000000000202
750,325,30,2764.557332170537,21.990000000000638
750,325,35,2813.5917811840577,24.590000000001044
750,325,40,2807.0350551012157,27.010000000001423
750,325,45,2747.769206612489,29.260000000001774
750,325,50,2636.720013657224,31.330000000002098
750,325,55,2474.7000060849887,33.22000000000196
750,325,60,2261.8716252269055,34.92000000000162
750,325,65,1998.2499093317438,36.410000000001325
750,325,70,1684.2492200560212,37.66000000000108
750,325,75,1321.9651991148007,38.670000000000876
750,325,80,914.7002845837272,39.40000000000073
750,350,10,1967.1225255094266,9.729999999999837
750,350,15,2371.9113810266854,13.499999999999757
750,350,20,2644.551194848732,16.88999999999984
750,350,25,2825.392978641391,19.990000000000325
750,350,30,2933.992788360734,22.860000000000774
750,350,35,2980.573644856146,25.540000000001193
750,350,40,2969.8116697294736,28.040000000001584
750,350,45,2904.087979049415,30.360000000001946
750,350,50,2784.7422103917097,32.5000000000021
750,350,55,2612.431020450048,34.46000000000171
750,350,60,2386.9018654376628,36.22000000000136
750,350,65,2108.1510075139763,37.76000000000106
750,350,70,1776.9361838393195,39.070000000000796
750,350,75,1394.5699096633473,40.11000000000059
750,350,80,965.003402972412,40.87000000000044
750,375,10,2112.1513300984034,10.169999999999828
750,375,15,2527.332406072613,14.059999999999745
750,375,20,2803.86561675943,17.539999999999942
750,375,25,2986.55762320446,20.73000000000044
750,375,30,3094.551184595598,23.680000000000902
750,375,35,3138.3619469003884,26.430000000001332
750,375,40,3123.290538765513,29.000000000001734
750,375,45,3051.614570199489,31.390000000002107
750,375,50,2924.5445165795863,33.600000000001884
750,375,55,2742.2945891276536,35.62000000000148
750,375,60,2504.6083328023933,37.43000000000112
750,375,65,2211.879432118428,39.030000000000804
750,375,70,1863.9239630711104,40.37000000000054
750,375,75,1462.856650089188,41.45000000000032
750,375,80,1012.3139395944042,42.240000000000165
750,400,10,2251.971856780609,10.589999999999819
750,400,15,2674.8337742629283,14.579999999999734
750,400,20,2955.222331500639,18.150000000000038
750,400,25,3138.39282470261,21.410000000000547
750,400,30,3245.4881294158095,24.43000000000102
750,400,35,3287.484334640763,27.26000000000146
750,400,40,3268.055120017773,29.890000000001873
750,400,45,3190.9361318619435,32.35000000000213
750,400,50,3056.3695907851807,34.62000000000168
750,400,55,2864.8703509365573,36.70000000000127
750,400,60,2616.0400203889203,38.570000000000896
750,400,65,2309.7133202371774,40.21000000000057
750,400,70,1946.3352146398406,41.60000000000029
750,400,75,1527.4311038664468,42.71000000000007
750,400,80,1056.9656025818254,43.51999999999991
750,425,10,2386.524039541954,10.98999999999981
750,425,15,2816.572737628559,15.079999999999723
750,425,20,3098.915880010908,18.720000000000127
750,425,25,3282.7076307101997,22.050000000000647
750,425,30,3389.081951300017,25.14000000000113
750,425,35,3428.451811621854,28.030000000001582
750,425,40,3405.532903592602,30.730000000002004
750,425,45,3322.9827506467714,33.250000000001954
750,425,50,3181.4338567708332,35.58000000000149
750,425,55,2981.2522598493338,37.720000000001065
750,425,60,2721.669722916185,39.64000000000068
750,425,65,2402.5089927502786,41.32000000000035
750,425,70,2024.3709425115937,42.750000000000064
750,425,75,1588.5920458218375,43.88999999999984
750,425,80,1099.3418944942518,44.72999999999967
750,450,10,2515.8159667702266,11.369999999999802
750,450,15,2950.749142022167,15.539999999999713
750,450,20,3236.058548260166,19.26000000000021
750,450,25,3420.543028025929,22.660000000000743
750,450,30,3525.7323543910175,25.810000000001235
750,450,35,3562.7386528504126,28.760000000001696
750,450,40,3536.183835101114,31.520000000002128
750,450,45,3448.6075094993516,34.100000000001785
750,450,50,3300.20801460807,36.48000000000131
750,450,55,3091.616612672723,38.670000000000876
750,450,60,2821.9311518726436,40.640000000000484
750,450,65,2490.8414184940743,42.37000000000014
750,450,70,2098.68165548075,43.83999999999985
750,450,75,1646.8454846795878,45.009999999999614
750,450,80,1139.623959048238,45.86999999999944
1000,100,10,313.4134474434562,3.4399999999999706
1000,100,15,438.7019350672194,5.069999999999936
1000,100,20,542.0452679951103,6.619999999999903
1000,100,25,624.7415670893217,8.099999999999872
1000,100,30,686.5772715314407,9.499999999999842
1000,100,35,728.0484754653593,10.819999999999814
1000,100,40,749.0969747146954,12.049999999999788
1000,100,45,749.8348110560742,13.179999999999763
1000,100,50,731.3947591700062,14.219999999999741
1000,100,55,694.0255814005908,15.159999999999721
1000,100,60,638.2467428344675,15.989999999999704
1000,100,65,565.1775949807017,16.709999999999813
1000,100,70,475.923789977511,17.309999999999906
1000,100,75,372.09387449930483,17.77999999999998
1000,100,80,256.0505118653924,18.120000000000033
1000,125,10,464.7853002555484,4.239999999999954
1000,125,15,638.1902239937236,6.209999999999912
1000,125,20,776.8643580543077,8.069999999999872
1000,125,25,884.3907689002051,9.829999999999835
1000,125,30,962.6781522406188,11.4899999999998
1000,125,35,1013.1555170153399,13.049999999999766
1000,125,40,1035.8388174906586,14.489999999999736
1000,125,45,1032.909953802629,15.829999999999707
1000,125,50,1004.2350462135661,17.049999999999866
1000,125,55,951.1941732490419,18.16000000000004
1000,125,60,873.9728434538865,19.140000000000192
1000,125,65,773.8403906844901,19.990000000000325
1000,125,70,652.0572078269697,20.700000000000436
1000,125,75,510.47593572286473,21.260000000000524
1000,125,80,351.8942407495744,21.670000000000588
1000,150,10,630.4891384474322,4.999999999999938
1000,150,15,849.7302021362904,7.279999999999889
1000,150,20,1020.1846900221066,9.419999999999844
1000,150,25,1147.9340586403384,11.419999999999801
1000,150,30,1238.4953706468175,13.299999999999761
1000,150,35,1294.3982791373921,15.059999999999723
1000,150,40,1316.911357093259,16.68999999999981
1000,150,45,1308.0672248954668,18.200000000000045
1000,150,50,1268.9238539789771,19.590000000000263
1000,150,55,1199.5930293660958,20.840000000000458
1000,150,60,1101.2272356135377,21.95000000000063
1000,150,65,974.7553811950322,22.91000000000078
1000,150,70,821.775700546143,23.72000000000091
1000,150,75,643.9692141151132,24.36000000000101
1000,150,80,444.47191295172416,24.830000000001082
1000,175,10,805.6808698446118,5.729999999999922
1000,175,15,1065.2259508584104,8.279999999999868
1000,175,20,1261.968435553456,10.659999999999817
1000,175,25,1405.7926027295962,12.86999999999977
1000,175,30,1505.1604946211287,14.939999999999726
1000,175,35,1563.7366038408584,16.869999999999838
1000,175,40,1584.619495571721,18.67000000000012
1000,175,45,1568.9534027143084,20.33000000000038
1000,175,50,1518.108897631154,21.850000000000616
1000,175,55,1432.7857666148798,23.22000000000083
1000,175,60,1314.4348168631593,24.450000000001022
1000,175,65,1163.4728149889672,25.52000000000119
1000,175,70,980.9511387108386,26.41000000000133
1000,175,75,769.1990458459701,27.12000000000144
1000,175,80,531.346211152915,27.64000000000152
1000,200,10,984.5379460540687,6.419999999999908
1000,200,15,1278.923963390717,9.209999999999848
1000,200,20,1497.1155787882121,11.799999999999793
1000,200,25,1653.8289677562932,14.199999999999742
1000,200,30,1758.7960342734502,16.42999999999977
1000,200,35,1818.2556555934568,18.510000000000094
1000,200,40,1835.7513710869866,20.450000000000397
1000,200,45,1812.6746837697876,22.240000000000677
1000,200,50,1750.50772905047,23.880000000000933
1000,200,55,1650.3559814134933,25.370000000001166
1000,200,60,1512.4780866331366,26.690000000001373
1000,200,65,1338.3621777707738,27.850000000001554
1000,200,70,1128.6036479374009,28.820000000001706
1000,200,75,885.4821957760528,29.600000000001828
1000,200,80,611.9765747864334,30.160000000001915
1000,225,10,1162.1275483983216,7.059999999999894
1000,225,15,1487.9854933366871,10.07999999999983
1000,225,20,1722.9251273592072,12.84999999999977
1000,225,25,1888.9104005634576,15.409999999999716
1000,225,30,1998.143584696125,17.78999999999998
1000,225,35,2056.9961416641995,20.000000000000327
1000,225,40,2070.1633273334623,22.06000000000065
1000,225,45,2039.2430406503356,23.960000000000946
1000,225,50,1966.2218382135895,25.71000000000122
1000,225,55,1851.6774235134012,27.300000000001468
1000,225,60,1696.1613824716535,28.72000000000169
1000,225,65,1500.3851184568134,29.960000000001884
1000,225,70,1265.2531943275505,31.000000000002046
1000,225,75,992.8287687113766,31.830000000002176
1000,225,80,686.4540324994218,32.43000000000212
1000,250,10,1338.2432075869817,7.669999999999881
1000,250,15,1688.879863926137,10.879999999999812
1000,250,20,1937.3542972692348,13.80999999999975
1000,250,25,2110.253393085064,16.50999999999978
1000,250,30,2222.0648042103694,19.020000000000174
1000,250,35,2279.7969448882286,21.350000000000538
1000,250,40,2288.4717597579483,23.520000000000877
1000,250,45,2250.342914463151,25.53000000000119
1000,250,50,2166.873648784165,27.38000000000148
1000,250,55,2038.6624087490532,29.060000000001743
1000,250,60,1866.2269880113624,30.560000000001978
1000,250,65,1650.2134674592785,31.870000000002182
1000,250,70,1391.4663541859234,32.97000000000201
1000,250,75,1092.0166062785718,33.850000000001835
1000,250,80,755.4033396717612,34.500000000001705
1000,275,10,1511.0517871114293,8.249999999999869
1000,275,15,1882.1763014449768,11.629999999999797
1000,275,20,2141.1313047013623,14.699999999999731
1000,275,25,2319.5425355719344,17.52999999999994
1000,275,30,2432.315252010819,20.15000000000035
1000,275,35,2488.441031623095,22.59000000000073
1000,275,40,2491.9426692035777,24.850000000001085
1000,275,45,2446.781424276625,26.960000000001415
1000,275,50,2352.925348332026,28.890000000001717
1000,275,55,2212.184175611471,30.660000000001993
1000,275,60,2023.849236456815,32.23000000000216
1000,275,65,1789.1546527789203,33.61000000000188
1000,275,70,1508.7558327968784,34.78000000000165
1000,275,75,1184.2096786070297,35.710000000001465
1000,275,80,819.1762515864941,36.38000000000133
1000,300,10,1677.9640852530274,8.789999999999857
1000,300,15,2066.9951589563098,12.329999999999782
1000,300,20,2334.6689685407573,15.529999999999713
1000,300,25,2516.6294828079217,18.470000000000088
1000,300,30,2629.694067348323,21.190000000000513
1000,300,35,2683.2706062670286,23.72000000000091
1000,300,40,2682.6261280414124,26.080000000001277
1000,300,45,2630.091141035476,28.27000000000162
1000,300,50,2527.0635832513053,30.290000000001935
1000,300,55,2374.0006735735606,32.13000000000218
1000,300,60,2171.2093366777535,33.78000000000185
1000,300,65,1918.8489677133305,35.22000000000156
1000,300,70,1617.6777328051776,36.43000000000132
1000,300,75,1269.8453489079832,37.410000000001126
1000,300,80,878.623058747899,38.120000000000985
1000,325,10,1839.4079149273161,9.299999999999846
1000,325,15,2242.876431957601,12.979999999999768
1000,325,20,2516.9693273728376,16.289999999999747
1000,325,25,2701.678686328458,19.330000000000222
1000,325,30,2815.2154248022375,22.150000000000663
1000,325,35,2866.536611584473,24.770000000001072
1000,325,40,2861.1247170650486,27.210000000001454
1000,325,45,2801.854576067603,29.48000000000181
1000,325,50,2689.9891792237404,31.580000000002137
1000,325,55,2525.5145145075985,33.490000000001906
1000,325,60,2308.7130298679444,35.200000000001566
1000,325,65,2039.9399303811113,36.70000000000127
1000,325,70,1719.7900109717716,37.970000000001015
1000,325,75,1349.8443986460188,38.980000000000814
1000,325,80,934.0579936952366,39.72000000000067
1000,350,10,1994.8334619956506,9.779999999999836
1000,350,15,2409.641955294827,13.579999999999755
1000,350,20,2689.8874637257754,16.999999999999858
1000,350,25,2876.5029901858406,20.130000000000347
1000,350,30,2989.346441423603,23.0300000000008
1000,350,35,3038.7898488690057,25.740000000001224
1000,350,40,3029.076095313831,28.260000000001618
1000,350,45,2963.1922390547925,30.600000000001984
1000,350,50,2842.803853318526,32.77000000000205
1000,350,55,2667.7530882388246,34.750000000001656
1000,350,60,2437.8881853434714,36.5200000000013
1000,350,65,2153.7509591147086,38.08000000000099
1000,350,70,1815.4264214225745,39.39000000000073
1000,350,75,1424.9257827357253,40.44000000000052
1000,350,80,986.0847537065516,41.21000000000037
1000,375,10,2143.912154935285,10.229999999999826
1000,375,15,2569.3514629513797,14.149999999999743
1000,375,20,2853.626755146107,17.65999999999996
1000,375,25,3042.193943851529,20.880000000000464
1000,375,30,3154.483572095511,23.86000000000093
1000,375,35,3201.158546795151,26.640000000001365
1000,375,40,3187.10377833285,29.23000000000177
1000,375,45,3115.588010410566,31.650000000002148
1000,375,50,2986.9079606802643,33.88000000000183
1000,375,55,2801.687660642207,35.92000000000142
1000,375,60,2559.872115925164,37.76000000000106
1000,375,65,2260.839903277412,39.36000000000074
1000,375,70,1905.6276251334518,40.72000000000047
1000,375,75,1495.7502317814772,41.81000000000025
1000,375,80,1035.160633831584,42.61000000000009
1000,400,10,2287.766668107453,10.659999999999817
1000,400,15,2721.054668306519,14.679999999999731
1000,400,20,3009.305962299944,18.280000000000058
1000,400,25,3199.1296809852047,21.580000000000574
1000,400,30,3310.4598516516594,24.63000000000105
1000,400,35,3354.726577401191,27.480000000001496
1000,400,40,3336.734114868301,30.140000000001912
1000,400,45,3259.6255009442893,32.63000000000208
1000,400,50,3123.247112205677,34.92000000000162
1000,400,55,2928.5108081721096,37.020000000001204
1000,400,60,2674.9509146974997,38.91000000000083
1000,400,65,2362.3561797824777,40.5700000000005
1000,400,70,1990.989896663834,41.97000000000022
1000,400,75,1562.6572323829448,43.089999999999996
1000,400,80,1081.4347946933256,43.90999999999983
1000,425,10,2425.032816627108,11.059999999999809
1000,425,15,2865.9237310376807,15.17999999999972
1000,425,20,3157.21011031026,18.86000000000015
1000,425,25,3347.7050857563063,22.230000000000675
1000,425,30,3458.3531007910133,25.350000000001163
1000,425,35,3500.517728272123,28.27000000000162
1000,425,40,3478.9340874378186,31.000000000002046
1000,425,45,3395.858108687033,33.540000000001896
1000,425,50,3252.6916468857694,35.90000000000143
1000,425,55,3049.018555336412,38.060000000001
1000,425,60,2784.37149220428,40.00000000000061
1000,425,65,2458.5205471666904,41.70000000000027
1000,425,70,2071.890914179065,43.139999999999986
1000,425,75,1626.2089465021904,44.299999999999756
1000,425,80,1125.3904871305665,45.13999999999959
1000,450,10,2557.005458626568,11.4399999999998
1000,450,15,3004.136825698172,15.64999999999971
1000,450,20,3298.4608695381435,19.410000000000235
1000,450,25,3489.0042246990724,22.84000000000077
1000,450,30,3599.1830298652244,26.03000000000127
1000,450,35,3638.9839370889013,29.010000000001735
1000,450,40,3613.7283960787445,31.80000000000217
1000,450,45,3525.9298781183215,34.41000000000172
1000,450,50,3375.7138558303727,36.820000000001244
1000,450,55,3163.381598453534,39.030000000000804
1000,450,60,2888.3112776655544,41.02000000000041
1000,450,65,2550.1304383124793,42.77000000000006
1000,450,70,2148.991425877037,44.249999999999766
1000,450,75,1686.6660426513135,45.43999999999953
1000,450,80,1167.2094552384697,46.29999999999936
